Country;Platform
99;200395
99;8153
99;8154
99;5975
99;5681
99;5855
99;8462
99;5749
99;2081
99;1517
99;1950
99;1578
99;5730
99;1395
99;5713
99;5923
99;5742
99;1518
99;5706
99;5944
99;1978
99;5641
99;5837
99;1745
99;6344
99;25
99;6512
99;6578
99;6422
99;5227
99;3795
99;3435
99;6052
99;6575
99;2999
99;3310
99;4333
99;6632
99;6712
99;1622
99;7898
99;934
99;6599
99;4210
99;1815
99;6579
99;7906
99;544
99;3222
99;4469
99;7913
99;5696
99;7907
99;2635
99;2540
99;4687
99;8840
99;5002
99;4956
99;3579
99;6745
99;7241
99;3927
99;7592
99;509
99;486
99;5612
99;7900
99;629
99;500
99;7426
99;521
99;7581
99;530
99;7369
99;7434
99;6835
99;7368
99;7902
99;6521
99;5542
99;7903
99;7908
99;7618
99;7603
99;3929
99;2809
99;659
99;7890
99;7621
99;7904
99;7619
99;7892
99;7891
99;5249
99;4870
99;7768
99;4981
99;8115
99;8107
99;8638
99;457
99;4359
99;879
99;9422
99;9854
99;9925
99;9916
99;9975
99;8634
99;9974
99;9973
99;9988
99;10003
99;10002
99;9919
99;9920
99;9979
99;10012
99;10033
99;9700
99;10053
99;10054
99;10139
99;10141
99;10120
99;10181
99;9329
99;10248
99;10249
99;10289
99;10292
99;10286
99;10287
99;10288
99;10290
99;10291
99;10179
99;10342
99;10343
99;6743
99;10438
99;10440
99;10576
99;10435
99;10806
99;10805
99;10434
99;10393
99;10394
99;10573
99;11108
99;11167
99;11213
99;11309
99;11478
99;11479
DK;59564
DK;1265
DK;1187
DK;1229
DK;1240
DK;7410
DK;1188
DK;1244
DK;1206
DK;1218
DK;1277
DK;1279
DK;1200
DK;1278
DK;1196
DK;1280
DK;1248
DK;1222
DK;1201
DK;1285
DK;1198
DK;1217
DK;1231
DK;1245
DK;1220
DK;1185
DK;1270
DK;1194
DK;1235
DK;1227
DK;1252
DK;1225
DK;1275
DK;1216
DK;1256
DK;1179
DK;1184
DK;1189
DK;1224
DK;1257
DK;1193
DK;1197
DK;1232
DK;1214
DK;1276
DK;1228
DK;1191
DK;1262
DK;1213
DK;1223
DK;1269
DK;1258
DK;1249
DK;1219
DK;1253
DK;1207
DK;1195
DK;1241
DK;1259
DK;1242
DK;1192
DK;1264
DK;182
DK;6776
DK;1261
DK;6778
DK;6777
DK;7726
DK;7612
DK;7728
DK;7725
DK;7730
DK;7729
DK;7723
DK;9823
DK;7710
DK;7724
DK;7722
DK;7560
DK;9278
DK;8649
DK;9277
DK;8665
DK;8704
DK;9176
DK;9313
DK;1267
DK;7406
DK;10497
DK;1211
DK;1260
GB;8152
GB;10441
GB;8143
GB;8151
GB;8148
GB;8142
GB;8747
GB;7651
GB;5745
GB;5766
GB;5832
GB;5894
GB;10173
GB;8764
GB;5834
GB;5906
GB;8781
GB;8786
GB;8772
GB;8778
GB;8783
GB;8777
GB;8780
GB;8789
GB;8763
GB;8767
GB;8773
GB;8771
GB;8784
GB;8768
GB;8762
GB;8775
GB;8770
GB;8774
GB;8782
GB;5910
GB;8769
GB;8776
GB;8779
GB;8765
GB;8766
GB;8785
GB;5808
GB;7652
GB;5740
GB;5918
GB;5829
GB;9269
GB;5811
GB;6112
GB;5957
GB;7640
GB;5848
GB;5925
GB;5954
GB;5824
GB;5823
GB;8041
GB;5876
GB;5838
GB;5916
GB;5970
GB;5804
GB;6758
GB;5783
GB;10169
GB;5926
GB;5934
GB;5988
GB;5647
GB;5781
GB;5795
GB;5708
GB;5666
GB;5912
GB;5774
GB;5842
GB;5889
GB;5750
GB;5665
GB;5704
GB;5887
GB;5802
GB;5922
GB;5862
GB;5857
GB;5773
GB;5896
GB;5917
GB;5927
GB;5951
GB;8471
GB;7203
GB;8470
GB;6004
GB;8447
GB;5841
GB;5717
GB;5681
GB;8446
GB;5732
GB;5936
GB;5772
GB;5873
GB;8465
GB;5763
GB;5756
GB;5944
GB;5973
GB;5975
GB;8463
GB;8165
GB;5942
GB;5725
GB;6000
GB;8445
GB;5976
GB;6878
GB;5890
GB;8442
GB;5872
GB;8181
GB;5743
GB;5943
GB;5639
GB;5729
GB;5861
GB;5716
GB;5931
GB;5855
GB;2400
GB;5728
GB;5734
GB;5646
GB;8430
GB;8424
GB;5847
GB;8469
GB;8462
GB;8441
GB;5995
GB;8427
GB;5747
GB;5980
GB;5924
GB;8450
GB;8466
GB;8460
GB;6063
GB;5411
GB;5744
GB;5821
GB;8432
GB;5710
GB;5749
GB;8451
GB;8453
GB;5724
GB;5737
GB;5961
GB;5953
GB;5983
GB;8325
GB;5739
GB;5888
GB;5758
GB;8461
GB;5907
GB;8452
GB;5978
GB;5996
GB;5982
GB;8444
GB;5987
GB;5735
GB;5868
GB;5748
GB;5712
GB;5933
GB;6884
GB;5991
GB;5807
GB;5742
GB;5705
GB;5964
GB;5892
GB;8429
GB;5874
GB;5968
GB;5796
GB;5731
GB;5967
GB;5866
GB;5878
GB;5738
GB;5645
GB;5994
GB;5662
GB;5703
GB;5810
GB;5649
GB;5849
GB;5714
GB;5962
GB;5723
GB;5993
GB;5656
GB;5986
GB;5969
GB;5751
GB;5997
GB;5707
GB;5759
GB;5863
GB;5670
GB;5999
GB;5923
GB;5675
GB;5727
GB;5699
GB;5702
GB;5945
GB;5730
GB;5903
GB;5713
GB;5955
GB;5684
GB;5913
GB;5965
GB;5800
GB;5698
GB;5992
GB;5966
GB;5860
GB;5846
GB;5726
GB;5919
GB;5902
GB;5682
GB;5950
GB;5935
GB;5673
GB;5840
GB;5948
GB;5706
GB;5826
GB;5688
GB;5854
GB;5679
GB;5958
GB;5921
GB;5856
GB;5870
GB;5697
GB;5794
GB;5667
GB;5767
GB;5875
GB;5851
GB;5644
GB;5908
GB;5865
GB;5775
GB;5915
GB;5949
GB;5928
GB;5930
GB;5764
GB;5899
GB;5741
GB;5990
GB;5819
GB;5833
GB;5985
GB;5664
GB;5998
GB;5891
GB;5752
GB;5904
GB;5786
GB;2551
GB;8171
GB;5871
GB;5852
GB;5844
GB;5911
GB;7824
GB;5668
GB;5837
GB;5977
GB;5825
GB;5881
GB;6879
GB;5709
GB;5937
GB;5817
GB;5701
GB;5830
GB;2472
GB;5720
GB;6110
GB;5769
GB;7202
GB;5879
GB;5898
GB;5722
GB;8646
GB;6882
GB;5719
GB;5777
GB;5733
GB;5886
GB;5820
GB;5869
GB;5867
GB;5640
GB;5893
GB;6035
GB;5895
GB;5754
GB;5835
GB;5822
GB;6107
GB;5685
GB;5635
GB;5768
GB;5658
GB;5746
GB;5753
GB;5809
GB;5633
GB;5882
GB;6108
GB;5762
GB;8647
GB;9047
GB;8578
GB;5653
GB;5650
GB;5642
GB;5929
GB;6037
GB;5634
GB;5806
GB;5761
GB;5805
GB;5814
GB;7505
GB;5694
GB;5695
GB;5792
GB;5793
GB;5637
GB;5939
GB;5971
GB;5914
GB;5816
GB;5815
GB;5850
GB;6109
GB;5648
GB;5812
GB;5831
GB;5799
GB;5687
GB;6080
GB;5932
GB;6023
GB;5843
GB;6077
GB;7898
GB;5959
GB;5960
GB;6081
GB;5941
GB;5696
GB;6880
GB;5836
GB;6883
GB;6061
GB;6881
GB;5293
GB;6084
GB;6875
GB;7559
GB;9432
GB;8581
GB;8580
GB;7364
GB;7715
GB;7528
GB;9271
GB;5909
GB;7622
GB;6095
GB;7663
GB;8846
GB;8115
GB;8602
GB;8658
GB;8657
GB;8656
GB;8702
GB;9421
GB;8491
GB;5776
GB;8853
GB;8827
GB;8884
GB;8751
GB;9087
GB;8991
GB;9036
GB;9053
GB;9084
GB;9075
GB;8662
GB;9328
GB;9716
GB;9560
GB;9418
GB;9058
GB;10530
GB;10640
GB;10398
GB;9422
GB;10827
GB;10484
GB;6014
GB;11110
GB;10637
RU;8141
RU;8140
RU;8149
RU;8155
RU;7123
RU;6584
RU;7077
RU;8095
RU;6289
RU;8096
RU;8098
RU;8097
RU;7070
RU;10339
RU;10340
RU;6467
RU;10449
RU;10506
RU;7299
RU;9349
RU;7045
RU;6456
RU;7063
RU;10503
RU;10387
RU;6555
RU;10386
RU;7068
RU;6389
RU;7073
RU;6304
RU;7065
RU;10508
RU;9842
RU;10014
RU;9286
RU;10505
RU;10504
RU;7275
RU;10507
RU;7020
RU;7645
RU;6565
RU;7288
RU;10317
RU;7075
RU;6984
RU;7076
RU;6449
RU;6731
RU;6484
RU;6941
RU;6437
RU;6948
RU;6575
RU;6362
RU;6342
RU;7693
RU;6395
RU;6579
RU;6421
RU;6632
RU;7522
RU;6519
RU;6336
RU;6450
RU;6501
RU;6432
RU;6305
RU;6332
RU;6333
RU;6599
RU;7457
RU;7740
RU;6326
RU;7112
RU;6422
RU;6593
RU;6420
RU;403
RU;6578
RU;8125
RU;7600
RU;6522
RU;6930
RU;6585
RU;9510
RU;10243
RU;7699
RU;6334
RU;8554
RU;7534
RU;6404
RU;8552
RU;6521
RU;6744
RU;7739
RU;7575
RU;7053
RU;10489
RU;6591
RU;8564
RU;7138
RU;6640
RU;7800
RU;6650
RU;9375
RU;7164
RU;7535
RU;7796
RU;9513
RU;7520
RU;8553
RU;7561
RU;6306
RU;7524
RU;7777
RU;9927
RU;7795
RU;7521
RU;8850
RU;9341
RU;7793
RU;6728
RU;7794
RU;9346
RU;9359
RU;6352
RU;7571
RU;9926
RU;7573
RU;9323
RU;9322
RU;9320
RU;9318
RU;6349
RU;9317
RU;9321
RU;9345
RU;9340
RU;9348
RU;9347
RU;9357
RU;9332
RU;6942
RU;9677
RU;9372
RU;9376
RU;9319
RU;10769
RU;10768
FR;4043
FR;8145
FR;8147
FR;8597
FR;4245
FR;4252
FR;6826
FR;4140
FR;4282
FR;4122
FR;4240
FR;4269
FR;4274
FR;4164
FR;4277
FR;7510
FR;7511
FR;4275
FR;4271
FR;4052
FR;4142
FR;4157
FR;4288
FR;4227
FR;4099
FR;4059
FR;4290
FR;4101
FR;4145
FR;4214
FR;4204
FR;4248
FR;4221
FR;4237
FR;4229
FR;4064
FR;4171
FR;4097
FR;4292
FR;4135
FR;4044
FR;4049
FR;4054
FR;4289
FR;4268
FR;4075
FR;4062
FR;4224
FR;4053
FR;4358
FR;4205
FR;4193
FR;4209
FR;1969
FR;4138
FR;4187
FR;4233
FR;4225
FR;4234
FR;4178
FR;4195
FR;4177
FR;4265
FR;4280
FR;4181
FR;4199
FR;4192
FR;4103
FR;4250
FR;4182
FR;4139
FR;4298
FR;4296
FR;4232
FR;4190
FR;4072
FR;4301
FR;2512
FR;4183
FR;4141
FR;4148
FR;4278
FR;4231
FR;4155
FR;4133
FR;4046
FR;4173
FR;4347
FR;4270
FR;4111
FR;4143
FR;7326
FR;7327
FR;4168
FR;5890
FR;4161
FR;4060
FR;4184
FR;134
FR;4295
FR;4127
FR;4223
FR;4088
FR;4091
FR;4105
FR;4196
FR;4189
FR;4130
FR;4185
FR;4121
FR;4220
FR;4085
FR;4071
FR;4210
FR;4198
FR;4208
FR;4206
FR;4207
FR;4163
FR;4260
FR;4254
FR;4266
FR;4165
FR;4279
FR;4092
FR;4089
FR;4087
FR;4299
FR;4093
FR;5262
FR;7060
FR;4239
FR;4095
FR;4150
FR;4067
FR;4216
FR;4285
FR;4118
FR;4108
FR;4312
FR;4281
FR;4128
FR;4217
FR;4065
FR;4291
FR;4175
FR;4293
FR;4151
FR;4256
FR;4255
FR;7439
FR;7438
FR;4262
FR;4263
FR;4200
FR;4258
FR;4300
FR;8551
FR;4272
FR;4202
FR;8851
FR;4333
FR;4304
FR;4215
FR;324
FR;7874
FR;4287
FR;4069
FR;4284
FR;4329
FR;4273
FR;4066
FR;7873
FR;8582
FR;127
FR;7335
FR;7332
FR;6711
FR;7437
FR;4241
FR;4359
FR;7913
FR;6825
FR;6827
FR;4416
FR;7882
FR;4286
FR;7529
FR;7436
FR;7243
FR;7875
FR;7920
FR;7884
FR;7767
FR;3916
FR;7426
FR;8607
FR;7587
FR;7579
FR;2540
FR;7880
FR;8583
FR;8102
FR;7885
FR;7603
FR;7892
FR;7595
FR;8159
FR;8627
FR;10885
FR;8897
FR;8626
FR;8852
FR;8661
FR;8664
FR;8836
FR;9421
FR;8826
FR;8848
FR;9042
FR;9422
FR;9698
FR;9956
FR;10001
FR;10344
FR;10366
FR;10602
FR;10763
FR;10609
FR;10600
FR;10606
FR;11522
FR;10603
FR;10761
FR;10594
FR;10601
FR;11519
FR;11520
US;8146
US;2561
US;1659
US;3739
US;2052
US;2105
US;2161
US;1356
US;1377
US;2394
US;3743
US;3148
US;8788
US;2447
US;2049
US;1374
US;1538
US;1387
US;2002
US;7270
US;3466
US;2319
US;1359
US;7271
US;8740
US;1512
US;2453
US;1796
US;1477
US;1898
US;1749
US;1587
US;1539
US;1362
US;844
US;1791
US;1436
US;2655
US;1573
US;1370
US;1818
US;1801
US;1616
US;1567
US;2117
US;1786
US;1984
US;1427
US;1503
US;1407
US;1860
US;2804
US;1392
US;1832
US;1513
US;8016
US;3177
US;1858
US;8244
US;8310
US;2156
US;4811
US;8377
US;6789
US;1598
US;8317
US;2094
US;3731
US;2460
US;1410
US;1507
US;1399
US;1354
US;2860
US;8326
US;3188
US;2000
US;1969
US;2221
US;2966
US;1623
US;3774
US;3041
US;2029
US;1750
US;3064
US;6790
US;1375
US;2484
US;8269
US;6792
US;1723
US;8246
US;1431
US;6791
US;8174
US;6788
US;6793
US;2739
US;2806
US;6787
US;1685
US;1985
US;8230
US;8280
US;8346
US;1405
US;2360
US;8328
US;8327
US;6784
US;8381
US;3199
US;3875
US;1687
US;8329
US;1652
US;8324
US;8330
US;2028
US;8331
US;1802
US;3771
US;8224
US;2908
US;2701
US;1391
US;8289
US;8271
US;3079
US;8264
US;8199
US;3155
US;3838
US;6781
US;1760
US;2166
US;1981
US;8201
US;8259
US;8312
US;2676
US;1416
US;3193
US;2443
US;3805
US;2910
US;1838
US;1773
US;2720
US;3615
US;8235
US;2023
US;1978
US;8193
US;1617
US;8416
US;3129
US;2012
US;1397
US;8220
US;8362
US;1856
US;8284
US;8223
US;8418
US;8209
US;1721
US;8208
US;8344
US;3299
US;8363
US;8314
US;2595
US;3710
US;2517
US;8207
US;2489
US;6818
US;8270
US;3907
US;6785
US;8417
US;2425
US;1793
US;8301
US;8411
US;8412
US;7771
US;8286
US;8361
US;3286
US;1475
US;1450
US;8414
US;8423
US;3863
US;2926
US;2674
US;2180
US;8197
US;3882
US;1627
US;3804
US;3241
US;8413
US;1420
US;1907
US;8338
US;2889
US;8382
US;3116
US;1352
US;8404
US;3888
US;1606
US;3128
US;8182
US;3514
US;1560
US;2630
US;3794
US;1785
US;2899
US;3706
US;8242
US;8221
US;1369
US;2259
US;8415
US;8163
US;2743
US;1811
US;8187
US;1825
US;3822
US;1380
US;3147
US;1423
US;2748
US;2249
US;1633
US;2018
US;8283
US;2722
US;1499
US;3681
US;1596
US;8198
US;3521
US;1902
US;1365
US;3848
US;3427
US;2092
US;1522
US;1514
US;3458
US;8332
US;8205
US;8347
US;3808
US;2688
US;1440
US;3020
US;1834
US;3740
US;3305
US;2446
US;8178
US;3456
US;3457
US;1479
US;1480
US;2838
US;2413
US;3261
US;3884
US;3599
US;8410
US;8196
US;3598
US;2671
US;1429
US;3013
US;3445
US;1668
US;2711
US;1435
US;3335
US;1993
US;8258
US;2658
US;3853
US;3301
US;2069
US;2721
US;1419
US;1455
US;2136
US;8217
US;8232
US;8396
US;3816
US;8261
US;8302
US;8192
US;2802
US;3061
US;1526
US;3107
US;8364
US;2277
US;1827
US;8248
US;3790
US;2690
US;8386
US;8307
US;2789
US;1401
US;1997
US;2686
US;2709
US;3104
US;1895
US;3897
US;8352
US;1495
US;2863
US;1959
US;2694
US;2536
US;8407
US;3887
US;8188
US;3439
US;8262
US;1650
US;3092
US;3607
US;2566
US;2148
US;1974
US;8311
US;3770
US;1855
US;2435
US;3450
US;2710
US;1689
US;2837
US;8234
US;8345
US;1882
US;2530
US;8241
US;1570
US;8228
US;8368
US;3358
US;2848
US;3847
US;1535
US;2415
US;3309
US;1663
US;1404
US;8238
US;8225
US;2258
US;2772
US;3253
US;2123
US;8256
US;8299
US;3316
US;2975
US;8353
US;2102
US;1751
US;4064
US;8252
US;8215
US;2980
US;8306
US;3593
US;8349
US;8200
US;2055
US;8254
US;3756
US;2828
US;8365
US;8263
US;8227
US;2278
US;2211
US;8292
US;1608
US;2111
US;3486
US;8380
US;2071
US;8341
US;3319
US;2135
US;8247
US;182
US;8403
US;3675
US;1692
US;2591
US;1576
US;8169
US;8342
US;3042
US;1996
US;8194
US;3317
US;8387
US;3010
US;8219
US;8206
US;1544
US;2636
US;8372
US;2043
US;8222
US;3851
US;8320
US;8355
US;1428
US;3817
US;1908
US;8210
US;8237
US;8277
US;2664
US;8308
US;1944
US;1941
US;1632
US;2059
US;2705
US;1957
US;2209
US;3315
US;2022
US;8195
US;3131
US;8378
US;1406
US;3819
US;2659
US;1823
US;2339
US;2792
US;1866
US;3258
US;8245
US;2868
US;6779
US;1966
US;1718
US;3323
US;2578
US;2084
US;2081
US;1792
US;8267
US;8272
US;8337
US;1741
US;1412
US;1971
US;1900
US;273
US;1778
US;2214
US;1467
US;1830
US;8202
US;1545
US;2129
US;8309
US;3886
US;3736
US;2831
US;6780
US;8274
US;3113
US;3780
US;1709
US;8304
US;3714
US;2747
US;2919
US;8336
US;2280
US;2832
US;1572
US;1586
US;3444
US;1918
US;3674
US;1494
US;3260
US;3192
US;8340
US;2880
US;1748
US;2364
US;1465
US;8316
US;3806
US;2440
US;3653
US;1947
US;8343
US;3840
US;1569
US;1886
US;1814
US;3326
US;2079
US;1686
US;8216
US;3716
US;3910
US;3207
US;2151
US;1948
US;8287
US;3852
US;8373
US;2697
US;2871
US;3748
US;1903
US;1820
US;3460
US;3402
US;2783
US;1469
US;3150
US;1351
US;3893
US;1933
US;8190
US;1788
US;2010
US;1955
US;3105
US;3750
US;8214
US;2082
US;1846
US;8348
US;3083
US;2673
US;2279
US;2124
US;2118
US;3782
US;3076
US;2007
US;3948
US;2862
US;8392
US;8265
US;8239
US;3773
US;8191
US;1744
US;1722
US;3692
US;3920
US;3954
US;2035
US;3249
US;3441
US;1816
US;1847
US;8164
US;3722
US;1883
US;1666
US;3956
US;3763
US;3957
US;8405
US;1683
US;2733
US;3843
US;8017
US;8233
US;8370
US;8266
US;1813
US;8260
US;3723
US;3945
US;3955
US;2108
US;3946
US;8295
US;3952
US;3941
US;8168
US;3942
US;3944
US;8371
US;1433
US;3950
US;3789
US;3949
US;2017
US;3953
US;1674
US;1912
US;2353
US;1890
US;1840
US;8243
US;1398
US;2344
US;6783
US;3190
US;2142
US;8335
US;3951
US;1876
US;2072
US;1887
US;1636
US;1942
US;2153
US;1872
US;2903
US;1804
US;2882
US;1498
US;1516
US;2391
US;2544
US;3938
US;8400
US;2144
US;2724
US;3940
US;1615
US;2150
US;1439
US;187
US;2948
US;1508
US;1530
US;1849
US;1442
US;1497
US;2227
US;2013
US;1590
US;1490
US;2091
US;2234
US;1698
US;1541
US;3045
US;1852
US;1822
US;8240
US;1483
US;1517
US;1797
US;1655
US;3872
US;1653
US;2131
US;8431
US;3943
US;1924
US;2141
US;2213
US;2152
US;8426
US;1542
US;1999
US;3926
US;3826
US;2087
US;2112
US;2103
US;2237
US;1577
US;8351
US;1556
US;1841
US;1693
US;2174
US;2374
US;1529
US;8176
US;8354
US;1789
US;1987
US;2387
US;2874
US;1437
US;1574
US;2205
US;1881
US;2420
US;1594
US;7727
US;1611
US;2401
US;2254
US;2274
US;2047
US;1628
US;8255
US;1896
US;1395
US;1376
US;3318
US;1973
US;3624
US;1532
US;1438
US;1752
US;1795
US;2246
US;3225
US;6797
US;2046
US;1528
US;1728
US;1708
US;1699
US;2418
US;2083
US;1909
US;1454
US;1960
US;2202
US;2186
US;2085
US;2226
US;2238
US;2160
US;2015
US;1366
US;1371
US;1504
US;3936
US;1489
US;3921
US;8375
US;1715
US;3254
US;3772
US;1812
US;3906
US;1867
US;1568
US;2861
US;1724
US;1836
US;1707
US;3620
US;1558
US;2476
US;1424
US;1390
US;3960
US;2181
US;2178
US;1691
US;2228
US;805
US;822
US;2229
US;3265
US;1970
US;1425
US;8212
US;1964
US;3206
US;1864
US;1604
US;1826
US;1441
US;1958
US;8406
US;1757
US;1642
US;1493
US;3252
US;1735
US;1637
US;2675
US;1953
US;2500
US;1621
US;3300
US;1552
US;2382
US;2098
US;8485
US;1625
US;3654
US;3465
US;2672
US;3720
US;8231
US;8251
US;2481
US;1842
US;1911
US;2323
US;2218
US;1989
US;2075
US;8273
US;1950
US;2216
US;1743
US;8279
US;1745
US;8357
US;1559
US;8506
US;1618
US;2377
US;3814
US;8359
US;3612
US;5975
US;2080
US;2090
US;2192
US;6801
US;2074
US;2335
US;2210
US;8360
US;1803
US;1932
US;8366
US;8165
US;8226
US;2171
US;8250
US;5988
US;865
US;1675
US;2841
US;1965
US;2121
US;1612
US;2042
US;8294
US;2097
US;1696
US;1388
US;8323
US;5772
US;1379
US;3810
US;715
US;1421
US;2034
US;1671
US;2251
US;1747
US;2260
US;1595
US;5942
US;1695
US;1762
US;1649
US;1361
US;1865
US;2325
US;2061
US;1583
US;8422
US;1648
US;1975
US;8388
US;1853
US;1554
US;1737
US;1755
US;2635
US;1565
US;2610
US;1922
US;8282
US;2066
US;1889
US;1578
US;2584
US;2159
US;2177
US;3198
US;2146
US;2078
US;1518
US;2433
US;1888
US;3273
US;1624
US;3106
US;2286
US;2269
US;2011
US;7378
US;2272
US;8285
US;1634
US;1713
US;2493
US;2904
US;2563
US;2041
US;1463
US;8333
US;5704
US;1705
US;2692
US;2283
US;1843
US;1931
US;5973
US;2188
US;3208
US;2317
US;1357
US;2133
US;8211
US;1555
US;1781
US;2330
US;2314
US;1712
US;3293
US;3015
US;1678
US;2459
US;8397
US;2040
US;2911
US;1845
US;2070
US;1871
US;2195
US;1980
US;1790
US;1806
US;1688
US;5855
US;1643
US;1821
US;1937
US;8350
US;2318
US;2223
US;8384
US;2416
US;1798
US;8213
US;1537
US;8402
US;2168
US;1848
US;2037
US;2232
US;8305
US;6798
US;8257
US;1575
US;1986
US;2343
US;1780
US;8379
US;1588
US;2653
US;2110
US;1360
US;6817
US;2704
US;2477
US;1940
US;1561
US;2165
US;3023
US;3250
US;2759
US;1787
US;2261
US;1774
US;2006
US;1368
US;1619
US;1850
US;1771
US;2067
US;1409
US;3100
US;1039
US;1519
US;3082
US;2005
US;2063
US;1589
US;8383
US;1396
US;2169
US;1502
US;8319
US;1910
US;3276
US;3297
US;3360
US;1799
US;2396
US;8419
US;1571
US;5749
US;1717
US;3437
US;2172
US;2412
US;2058
US;1859
US;1919
US;3324
US;2009
US;1870
US;2252
US;2677
US;2663
US;2923
US;2368
US;1968
US;8409
US;2665
US;2170
US;3257
US;8408
US;8293
US;8898
US;1753
US;2077
US;2509
US;1738
US;2199
US;1600
US;6820
US;6804
US;1833
US;1992
US;8303
US;2101
US;2347
US;2442
US;1580
US;1878
US;1602
US;2731
US;2312
US;2769
US;1739
US;1938
US;3262
US;1681
US;2361
US;1432
US;1635
US;1665
US;2614
US;2239
US;2422
US;3314
US;8334
US;2523
US;3303
US;8374
US;1828
US;2456
US;1548
US;2683
US;1703
US;1892
US;1525
US;1394
US;2215
US;2626
US;1839
US;1706
US;1857
US;2114
US;2143
US;1901
US;8486
US;1511
US;906
US;2907
US;2615
US;5978
US;2356
US;1972
US;2050
US;2458
US;3459
US;2100
US;3005
US;2220
US;3452
US;6796
US;2836
US;3291
US;1779
US;2398
US;2851
US;2541
US;3049
US;3089
US;1418
US;1676
US;1758
US;1690
US;1936
US;1524
US;1491
US;2805
US;1472
US;8291
US;2678
US;2462
US;3783
US;6812
US;3166
US;8477
US;2358
US;8297
US;1486
US;2158
US;1434
US;2162
US;1358
US;1536
US;2336
US;1470
US;1403
US;3426
US;2685
US;1364
US;2173
US;3919
US;2924
US;2406
US;2725
US;1768
US;2236
US;1661
US;2154
US;6795
US;6786
US;2409
US;3346
US;3307
US;2115
US;2414
US;2048
US;2717
US;8398
US;1943
US;1446
US;8173
US;3103
US;1506
US;1381
US;8318
US;2699
US;2737
US;1770
US;2019
US;1776
US;2399
US;1765
US;1647
US;1897
US;3393
US;5847
US;1995
US;3958
US;1777
US;1658
US;2455
US;3143
US;5750
US;1468
US;1669
US;2376
US;2054
US;1640
US;3785
US;4280
US;7251
US;3434
US;1945
US;2134
US;8395
US;554
US;1601
US;1998
US;2167
US;1531
US;3180
US;1694
US;1667
US;3152
US;8487
US;2242
US;1697
US;3185
US;1484
US;2612
US;3203
US;8870
US;1492
US;2175
US;2866
US;2379
US;1967
US;1885
US;1740
US;2113
US;2119
US;2244
US;1651
US;1824
US;2329
US;1935
US;2219
US;3709
US;2324
US;2247
US;2734
US;2729
US;2157
US;1592
US;2176
US;3339
US;3036
US;2222
US;1355
US;2291
US;3123
US;8484
US;2808
US;8278
US;1456
US;1639
US;2439
US;2744
US;2099
US;8356
US;2004
US;8474
US;2321
US;8475
US;1662
US;1645
US;1638
US;1563
US;1976
US;1527
US;1991
US;1501
US;1733
US;2468
US;1754
US;2206
US;5916
US;2073
US;8369
US;2217
US;1956
US;1920
US;1500
US;1459
US;2145
US;1701
US;1579
US;2268
US;1597
US;1893
US;1875
US;1851
US;6800
US;2357
US;1732
US;2076
US;2746
US;2429
US;7253
US;3336
US;3395
US;8399
US;2351
US;1482
US;1761
US;2745
US;6803
US;2434
US;2127
US;1784
US;1680
US;1946
US;2126
US;1934
US;1994
US;10050
US;2248
US;1564
US;2104
US;8488
US;7269
US;1481
US;1549
US;8394
US;1904
US;1534
US;1702
US;4913
US;2182
US;2271
US;2163
US;1927
US;3925
US;3959
US;1408
US;2026
US;2179
US;3313
US;1353
US;1939
US;1373
US;2068
US;2203
US;2392
US;1474
US;1385
US;2193
US;6813
US;1660
US;2003
US;8734
US;1682
US;1464
US;1550
US;1599
US;2190
US;3325
US;2245
US;2014
US;1716
US;6947
US;1879
US;1372
US;6815
US;2233
US;3781
US;1869
US;6805
US;2540
US;2230
US;2038
US;1400
US;2021
US;1726
US;1679
US;1742
US;2106
US;1670
US;1673
US;1515
US;1819
US;2372
US;1730
US;2241
US;1794
US;1610
US;2385
US;2125
US;1386
US;2053
US;1766
US;1977
US;1769
US;1546
US;2033
US;1509
US;2243
US;2062
US;2031
US;2030
US;1383
US;3320
US;2465
US;2194
US;2333
US;2365
US;8401
US;2147
US;2410
US;6810
US;8313
US;2371
US;8322
US;1471
US;8203
US;1581
US;1461
US;2265
US;2624
US;1915
US;1714
US;3769
US;2051
US;1657
US;1979
US;1899
US;1476
US;1466
US;2421
US;1861
US;2322
US;1763
US;1677
US;2273
US;1759
US;8290
US;1543
US;1533
US;3636
US;1520
US;1961
US;3490
US;2093
US;2402
US;1805
US;1426
US;3151
US;1630
US;8421
US;1452
US;3398
US;2426
US;3145
US;2378
US;2345
US;1585
US;8229
US;8253
US;2362
US;8296
US;1005
US;2137
US;8288
US;2436
US;2326
US;2381
US;2488
US;1929
US;3850
US;2155
US;1894
US;2370
US;2140
US;2384
US;8218
US;2036
US;2253
US;2116
US;3071
US;8385
US;2928
US;1926
US;1607
US;2184
US;2599
US;1783
US;2350
US;2355
US;2231
US;1810
US;1906
US;1458
US;1363
US;1444
US;1028
US;2431
US;2331
US;2327
US;3187
US;2139
US;2044
US;1453
US;2346
US;1710
US;6027
US;1656
US;8389
US;1951
US;2089
US;2380
US;1646
US;1731
US;2366
US;2359
US;1829
US;1930
US;2255
US;1367
US;2527
US;1448
US;1553
US;2138
US;1411
US;2001
US;1430
US;1641
US;1729
US;2130
US;4103
US;1451
US;2187
US;1551
US;2809
US;2264
US;2342
US;2506
US;2337
US;3096
US;3304
US;2212
US;2698
US;2441
US;2020
US;1831
US;1445
US;1746
US;2693
US;2634
US;2191
US;1913
US;3292
US;2016
US;2208
US;1620
US;2128
US;1462
US;1582
US;1734
US;2008
US;2417
US;3308
US;2354
US;2149
US;2352
US;1877
US;1496
US;2281
US;2479
US;1949
US;2487
US;5819
US;1402
US;2207
US;2548
US;2262
US;2270
US;2189
US;2472
US;1963
US;2056
US;2397
US;8177
US;2877
US;2086
US;4476
US;2197
US;2185
US;2367
US;1415
US;2200
US;2198
US;2257
US;2275
US;2470
US;2452
US;2824
US;1923
US;2201
US;3454
US;1384
US;2266
US;2338
US;2256
US;2524
US;1622
US;2486
US;2284
US;3505
US;2032
US;2618
US;1422
US;6794
US;2457
US;2408
US;2598
US;1815
US;2403
US;2514
US;1868
US;2463
US;2444
US;2542
US;2430
US;2334
US;2432
US;2122
US;2196
US;2464
US;1720
US;2120
US;2478
US;3184
US;2491
US;2594
US;3121
US;1764
US;8170
US;2045
US;2454
US;2369
US;3752
US;3094
US;2428
US;1874
US;2496
US;2466
US;8300
US;2508
US;2621
US;2480
US;2511
US;2328
US;2437
US;2537
US;2515
US;2483
US;2505
US;2606
US;2719
US;1873
US;3271
US;2027
US;2944
US;2467
US;2492
US;2448
US;2532
US;2404
US;3345
US;3014
US;2495
US;2471
US;3189
US;2450
US;2445
US;2640
US;2282
US;3732
US;2039
US;9244
US;2497
US;2533
US;2498
US;2449
US;2513
US;2485
US;2503
US;3081
US;2553
US;2519
US;2906
US;2539
US;1613
US;2469
US;2900
US;2897
US;2652
US;2644
US;2583
US;2507
US;3077
US;2950
US;2512
US;2526
US;2510
US;3006
US;2654
US;4578
US;3354
US;2340
US;2679
US;2494
US;2516
US;2531
US;2499
US;2520
US;1626
US;3411
US;2562
US;2569
US;2565
US;2534
US;3073
US;2522
US;2799
US;3050
US;2438
US;3294
US;3298
US;3088
US;1614
US;2552
US;2646
US;2645
US;3085
US;2649
US;2590
US;2564
US;2947
US;2732
US;2555
US;3349
US;2602
US;2935
US;3430
US;2597
US;1449
US;2579
US;2870
US;2603
US;2551
US;3601
US;2574
US;2592
US;2571
US;2582
US;3374
US;2557
US;2558
US;2609
US;3078
US;2572
US;2601
US;2570
US;2573
US;3002
US;2575
US;3162
US;2589
US;3181
US;2576
US;2974
US;2648
US;3347
US;3127
US;3348
US;2872
US;3322
US;3350
US;3251
US;2800
US;2608
US;2650
US;3807
US;2596
US;3351
US;2549
US;3611
US;2607
US;2639
US;2790
US;3353
US;2914
US;2593
US;3438
US;3285
US;3087
US;2604
US;2978
US;2107
US;3355
US;2687
US;2620
US;2716
US;3289
US;3302
US;2629
US;2619
US;2628
US;2617
US;2637
US;2740
US;3012
US;2627
US;2631
US;2718
US;2934
US;2680
US;2632
US;2682
US;3037
US;2586
US;2625
US;2633
US;2638
US;3059
US;2723
US;3170
US;2642
US;3136
US;2728
US;2641
US;3179
US;3352
US;3194
US;2616
US;3084
US;3052
US;2916
US;2611
US;7824
US;2689
US;3288
US;3433
US;2660
US;3182
US;8160
US;2661
US;3432
US;3231
US;1835
US;2829
US;3338
US;2730
US;3124
US;2751
US;3429
US;3009
US;2656
US;2945
US;3055
US;2864
US;2879
US;1007
US;2842
US;2915
US;1478
US;2896
US;3329
US;3090
US;2765
US;1905
US;2132
US;2898
US;3093
US;3209
US;3327
US;3075
US;3331
US;2657
US;2801
US;2770
US;3196
US;2912
US;3095
US;3074
US;2781
US;3403
US;2859
US;2749
US;6744
US;1807
US;2782
US;3098
US;2651
US;3390
US;1809
US;2250
US;3080
US;2750
US;2779
US;928
US;3379
US;3310
US;2791
US;2766
US;2794
US;3195
US;3044
US;3200
US;3210
US;2958
US;3191
US;3086
US;2983
US;3306
US;2567
US;3333
US;2817
US;3416
US;2929
US;2979
US;3287
US;2771
US;3644
US;3685
US;3718
US;2753
US;2691
US;2707
US;2909
US;3056
US;2823
US;3795
US;3043
US;3340
US;2647
US;3415
US;2927
US;999
US;2681
US;3342
US;2813
US;2977
US;3638
US;2986
US;3028
US;2547
US;3263
US;3341
US;2973
US;3680
US;2971
US;2969
US;3019
US;2795
US;2666
US;3440
US;3047
US;1443
US;3236
US;2968
US;2902
US;3600
US;3277
US;2843
US;3154
US;3146
US;2810
US;3204
US;1631
US;2988
US;3641
US;3066
US;3372
US;2878
US;3635
US;2881
US;2936
US;3677
US;3211
US;3428
US;2822
US;7667
US;2764
US;2918
US;3057
US;3029
US;2798
US;2856
US;8136
US;3228
US;2786
US;2669
US;2818
US;2785
US;2714
US;9659
US;2741
US;3269
US;3125
US;2713
US;2894
US;3164
US;1566
US;2952
US;2811
US;3321
US;2853
US;2787
US;3214
US;2821
US;3478
US;2777
US;3455
US;2884
US;3159
US;3501
US;3877
US;3544
US;3546
US;3547
US;3545
US;2995
US;2775
US;3281
US;3751
US;3679
US;3368
US;976
US;3054
US;3377
US;3713
US;3072
US;2847
US;3648
US;3149
US;3639
US;3226
US;2931
US;2991
US;3642
US;3719
US;3120
US;1719
US;6933
US;2998
US;2925
US;3114
US;3552
US;2953
US;3703
US;3753
US;2996
US;3551
US;3469
US;2990
US;2670
US;3543
US;3118
US;3420
US;2895
US;3026
US;3682
US;3555
US;3854
US;3025
US;3553
US;2768
US;2970
US;3749
US;3550
US;3548
US;3549
US;2939
US;7282
US;887
US;3213
US;3717
US;3657
US;3133
US;2854
US;3737
US;3815
US;2989
US;3707
US;3704
US;2423
US;3673
US;2997
US;3883
US;3134
US;3220
US;7057
US;2736
US;3711
US;3280
US;6934
US;3122
US;3820
US;2825
US;3787
US;3224
US;3841
US;2726
US;1854
US;3669
US;2846
US;3715
US;3712
US;3511
US;3689
US;2845
US;3011
US;2613
US;3453
US;2858
US;9465
US;1487
US;3008
US;3216
US;3222
US;3540
US;3534
US;2957
US;2876
US;3070
US;3018
US;6138
US;3539
US;3542
US;2849
US;3022
US;3212
US;3541
US;2942
US;3510
US;3229
US;3130
US;3024
US;3422
US;9487
US;2844
US;2946
US;10036
US;2600
US;2784
US;2706
US;2742
US;2839
US;3223
US;3132
US;3221
US;8899
US;3356
US;3508
US;2857
US;3311
US;3126
US;6144
US;2833
US;9467
US;6460
US;2941
US;2554
US;3606
US;3604
US;2830
US;884
US;3218
US;3163
US;3370
US;2738
US;2869
US;3371
US;3496
US;2761
US;3506
US;2965
US;2451
US;2885
US;2905
US;3435
US;2954
US;3357
US;3572
US;3102
US;3515
US;2949
US;7596
US;2938
US;2937
US;3605
US;3588
US;3375
US;2940
US;3364
US;3091
US;3584
US;2985
US;2955
US;3567
US;3837
US;2976
US;3587
US;2956
US;3376
US;3802
US;2999
US;3871
US;2684
US;3242
US;3726
US;2981
US;3649
US;2987
US;3238
US;3027
US;2814
US;3589
US;3279
US;3234
US;3569
US;3463
US;3655
US;3568
US;2424
US;2662
US;3574
US;3001
US;3230
US;3040
US;3526
US;3741
US;3812
US;3399
US;3570
US;3559
US;3248
US;3523
US;3462
US;3424
US;3745
US;2289
US;2303
US;3868
US;3274
US;3183
US;3243
US;3566
US;3829
US;3701
US;3583
US;3237
US;3823
US;3775
US;3860
US;3528
US;2419
US;3178
US;3869
US;3485
US;3378
US;3365
US;2293
US;1844
US;1413
US;2550
US;3582
US;1916
US;2296
US;2780
US;3392
US;3765
US;199
US;3205
US;3672
US;3581
US;3578
US;2204
US;9678
US;3000
US;3404
US;3590
US;3525
US;3267
US;2290
US;3099
US;3176
US;3417
US;6743
US;6301
US;3695
US;3380
US;2287
US;3694
US;3233
US;2502
US;3658
US;3175
US;3656
US;3586
US;968
US;3885
US;3575
US;3239
US;3828
US;3487
US;2301
US;3866
US;2276
US;3246
US;8675
US;8733
US;2288
US;3667
US;3908
US;2292
US;2295
US;3579
US;10035
US;3911
US;3493
US;2313
US;3708
US;3796
US;2294
US;7598
US;3245
US;3580
US;3576
US;2096
US;3693
US;3683
US;1629
US;3535
US;3577
US;3905
US;3564
US;3571
US;50
US;2992
US;6928
US;9109
US;3366
US;2525
US;3421
US;9118
US;3659
US;3861
US;388
US;3063
US;6305
US;3760
US;8036
US;8037
US;9745
US;3596
US;7617
US;7776
US;9664
US;7424
US;7231
US;3913
US;9107
US;5468
US;8676
US;3881
US;17
US;667
US;6806
US;4416
US;7338
US;7206
US;6578
US;271
US;8
US;9108
US;316
US;310
US;6816
US;5695
US;1261
US;4417
US;3927
US;5694
US;9660
US;6809
US;6808
US;9669
US;6814
US;9099
US;7432
US;8832
US;8099
US;9661
US;6320
US;9110
US;9662
US;7530
US;3929
US;9663
US;1982
US;7426
US;9665
US;8100
US;7820
US;7429
US;8867
US;7519
US;9104
US;7773
US;7425
US;9096
US;7430
US;9106
US;9022
US;3168
US;9101
US;7589
US;9097
US;7423
US;7572
US;7654
US;7772
US;7518
US;7603
US;3930
US;7611
US;7791
US;7540
US;8600
US;7774
US;10213
US;7605
US;7431
US;8137
US;7607
US;7390
US;10013
US;7806
US;7630
US;8865
US;8599
US;7804
US;7662
US;9658
US;7802
US;9102
US;6819
US;7803
US;9105
US;7801
US;8841
US;9666
US;7387
US;10004
US;7805
US;10960
US;3931
US;8020
US;8138
US;10122
US;8650
US;8979
US;8894
US;8639
US;8528
US;1591
US;8864
US;8830
US;3652
US;10270
US;7421
US;8833
US;9702
US;11550
US;8553
US;11549
US;10680
US;8571
US;7340
US;7560
US;11049
US;8652
US;8608
US;8866
US;9315
US;8654
US;10123
US;8680
US;8682
US;8659
US;10632
US;10667
US;10789
US;11286
US;8829
US;11250
US;11287
US;1287
US;9421
US;10670
US;10669
US;10668
US;8831
US;11289
US;10681
US;8980
US;9103
US;9093
US;10839
US;10840
US;10841
US;8900
US;10838
US;9038
US;11288
US;10836
US;9039
US;9098
US;10009
US;9033
US;10245
US;9095
US;8880
US;9100
US;9040
US;9092
US;9064
US;9094
US;10837
US;7428
US;9125
US;11251
US;10678
US;10664
US;6228
US;10683
US;9177
US;9422
US;8690
US;9236
US;5836
US;8018
US;9311
US;9305
US;10684
US;9945
US;9957
US;9950
US;9561
US;11254
US;9239
US;10410
US;11253
US;11252
US;10963
US;9894
US;10528
US;10241
US;9922
US;10409
US;11553
US;7767
US;10484
US;11387
US;9973
US;10352
US;11020
US;10008
US;10117
US;11290
US;10011
US;10030
US;10031
US;11552
US;10034
US;10033
US;10043
US;6352
US;10047
US;8997
US;10044
US;10049
US;10048
US;10046
US;10032
US;10114
US;10116
US;10138
US;10180
US;11291
US;10371
US;11551
US;10901
US;10904
US;11548
US;10672
US;10902
US;11124
US;11385
US;9238
US;10292
US;9993
US;11147
US;8844
US;9075
US;8863
US;10392
US;10436
US;10673
US;10439
US;10997
US;10907
US;10141
US;10249
US;9328
US;10531
US;9698
US;10585
US;10437
US;10544
US;9988
US;10850
US;10992
US;8853
US;10545
US;10546
US;10852
US;10556
US;9030
US;10573
US;10614
US;9999
US;10853
US;10593
US;10613
US;10911
US;10912
US;10627
US;11000
US;10887
US;10894
US;10889
US;10883
US;10888
US;10886
US;10454
US;10851
US;10625
US;10628
US;11307
US;11308
US;10661
US;11119
US;10993
US;10665
US;11306
US;10835
US;11441
US;10643
US;10685
US;11292
US;10682
US;10701
US;9044
US;10833
US;10829
US;10943
US;10779
US;10754
US;10764
US;10832
US;10830
US;10831
US;10834
US;10903
US;10854
US;10855
US;10890
US;10807
US;10892
US;10891
US;10978
US;10979
US;10987
US;10893
US;10988
US;10900
US;10984
US;10869
US;10870
US;10986
US;10922
US;10917
US;10915
US;10996
US;10991
US;10990
US;10734
US;10981
US;10985
US;10927
US;10928
US;10999
US;10983
US;11010
US;10980
US;10977
US;10982
US;10941
US;10995
US;10994
US;11141
US;10976
US;11293
US;11305
US;11008
US;11139
US;11261
US;11294
US;11140
US;11063
US;11137
US;11101
US;11135
US;11138
US;11160
US;11162
US;9312
US;11022
US;11114
US;11110
US;11116
US;11115
US;11238
US;11161
US;9914
US;11167
US;11163
US;8843
US;11234
US;11189
US;11213
US;11214
US;11270
US;11236
US;11269
US;11188
US;11237
US;11215
US;11216
US;11263
US;11257
US;11249
US;11393
US;11265
US;11272
US;11353
US;11360
US;11274
US;11275
US;11383
US;11361
US;11398
US;11333
US;11363
US;11358
US;11414
US;11384
US;11439
US;11447
US;11554
US;11400
US;11399
US;11555
US;11462
US;11424
US;11309
US;7910
US;11448
US;11564
US;11545
US;11483
AT;8144
AT;10461
AT;735
AT;736
AT;737
AT;431
SE;6233
SE;6232
SE;10462
SE;6268
SE;9195
SE;9192
SE;9194
SE;6247
SE;9190
SE;9191
SE;6257
SE;6251
SE;6234
SE;7644
SE;6250
SE;6252
SE;6256
SE;6241
SE;6230
SE;9193
SE;6253
SE;6245
SE;6237
SE;6231
SE;6214
SE;6246
SE;6258
SE;6269
SE;6185
SE;6239
SE;7609
SE;6259
SE;6260
SE;6189
SE;6193
SE;6266
SE;6265
SE;6264
SE;6196
SE;6891
SE;6263
SE;6262
SE;6261
SE;6203
SE;6213
SE;6267
SE;6191
SE;6194
SE;6200
SE;6201
SE;6226
SE;6195
SE;6188
SE;6204
SE;6248
SE;6184
SE;6208
SE;6227
SE;6270
SE;5293
SE;6199
SE;6177
SE;6179
SE;6176
SE;6178
SE;6207
SE;6892
SE;3972
SE;6190
SE;6206
SE;6890
SE;6174
SE;6893
SE;6215
SE;6895
SE;6272
SE;9588
SE;6254
SE;6211
SE;6243
SE;6896
SE;7843
SE;8025
SE;6228
SE;9609
SE;9980
SE;6894
SE;8024
SE;9590
SE;8189
SE;6886
SE;9593
SE;6192
SE;9591
SE;9592
SE;9533
SE;6888
SE;6885
SE;6887
SE;7841
SE;9607
SE;9610
SE;9620
SE;9865
SE;6205
SE;6187
SE;9627
SE;7575
SE;7842
SE;7844
SE;9759
SE;6271
SE;10255
SE;10254
SE;10467
SE;9421
NO;8939
NO;8940
NO;8935
NO;8951
NO;8955
NO;8956
NO;8914
NO;8954
NO;8959
NO;8960
NO;8943
NO;8938
NO;8929
NO;5308
NO;8922
NO;8964
NO;8946
NO;8927
NO;8928
NO;8926
NO;8957
NO;8915
NO;8950
NO;8907
NO;8931
NO;5299
NO;8952
NO;8941
NO;8936
NO;8910
NO;8937
NO;8947
NO;10463
NO;8961
NO;8944
NO;10460
NO;8920
NO;8966
NO;8934
NO;8967
NO;5745
NO;8932
NO;8913
NO;8908
NO;8919
NO;8904
NO;8923
NO;8962
NO;8930
NO;1225
NO;7656
NO;5334
NO;8906
NO;8918
NO;8942
NO;5409
NO;8905
NO;7066
NO;8917
NO;9573
NO;5345
NO;5372
NO;8909
NO;5340
NO;8953
NO;8963
NO;8933
NO;8965
NO;8945
NO;8948
NO;8924
NO;8958
NO;8911
NO;8912
NO;5335
NO;6848
NO;8949
NO;5410
NO;5300
NO;5367
NO;5388
NO;5359
NO;10172
NO;5315
NO;5328
NO;5402
NO;5371
NO;5376
NO;10151
NO;5363
NO;5398
NO;6859
NO;5348
NO;5322
NO;5407
NO;6860
NO;5386
NO;5408
NO;10152
NO;5411
NO;5383
NO;5325
NO;5349
NO;5401
NO;5352
NO;5337
NO;5396
NO;5331
NO;5326
NO;5412
NO;5342
NO;5387
NO;5339
NO;5333
NO;5395
NO;5365
NO;5366
NO;5399
NO;5393
NO;5368
NO;5355
NO;5330
NO;5346
NO;5358
NO;5370
NO;5351
NO;5404
NO;5327
NO;5362
NO;5354
NO;5397
NO;6868
NO;5406
NO;5415
NO;6865
NO;6850
NO;5343
NO;5338
NO;5364
NO;6849
NO;5375
NO;6861
NO;6857
NO;5379
NO;5380
NO;5310
NO;5332
NO;5385
NO;5384
NO;5347
NO;5382
NO;5357
NO;5392
NO;5361
NO;5373
NO;6864
NO;5413
NO;5378
NO;5353
NO;6841
NO;5298
NO;5336
NO;6854
NO;6855
NO;6843
NO;5381
NO;6743
NO;5294
NO;6742
NO;5293
NO;5323
NO;199
NO;6842
NO;5313
NO;8019
NO;5303
NO;6866
NO;5391
NO;5390
NO;9252
NO;5394
NO;7309
NO;7206
NO;9253
NO;5360
NO;7312
NO;7308
NO;5634
NO;7367
NO;5295
NO;7565
NO;7442
NO;9157
NO;9254
NO;9203
NO;10220
NO;9683
NO;9680
NO;9421
NO;9684
NO;9965
NO;9949
NO;5344
NO;10274
NO;10294
NO;11506
NO;10604
NO;10330
NO;10596
NO;9902
NO;10845
KR;1115
KR;1141
KR;4111
KR;1114
KR;1112
KR;1120
KR;1117
KR;1116
KR;1118
KR;1123
KR;1149
KR;1125
KR;1131
KR;1111
KR;1130
KR;1137
KR;1132
KR;1109
KR;1152
KR;1150
KR;1138
KR;1108
KR;1110
KR;1113
KR;1143
KR;1106
KR;1107
KR;1105
KR;1133
KR;8092
KR;1119
KR;1122
KR;8093
KR;8089
KR;8090
KR;8091
KR;9907
KR;9905
KR;9906
KR;9908
DE;296
DE;8787
DE;10176
DE;277
DE;10041
DE;7986
DE;249
DE;333
DE;300
DE;431
DE;7658
DE;230
DE;424
DE;202
DE;342
DE;330
DE;390
DE;191
DE;407
DE;446
DE;253
DE;309
DE;382
DE;383
DE;306
DE;341
DE;271
DE;314
DE;262
DE;332
DE;313
DE;195
DE;194
DE;298
DE;6967
DE;375
DE;320
DE;215
DE;343
DE;189
DE;361
DE;377
DE;372
DE;334
DE;272
DE;457
DE;6707
DE;187
DE;223
DE;387
DE;182
DE;456
DE;450
DE;453
DE;7980
DE;7993
DE;1354
DE;310
DE;197
DE;221
DE;335
DE;459
DE;317
DE;346
DE;301
DE;321
DE;275
DE;8001
DE;208
DE;248
DE;384
DE;192
DE;186
DE;319
DE;8000
DE;7932
DE;364
DE;378
DE;345
DE;352
DE;348
DE;312
DE;7954
DE;430
DE;396
DE;245
DE;398
DE;246
DE;324
DE;8012
DE;244
DE;389
DE;5295
DE;305
DE;3537
DE;237
DE;391
DE;3540
DE;395
DE;240
DE;394
DE;225
DE;270
DE;185
DE;336
DE;381
DE;199
DE;206
DE;329
DE;362
DE;1195
DE;190
DE;429
DE;235
DE;263
DE;353
DE;241
DE;444
DE;443
DE;466
DE;442
DE;201
DE;234
DE;214
DE;308
DE;5666
DE;213
DE;7977
DE;238
DE;350
DE;327
DE;205
DE;247
DE;388
DE;373
DE;7200
DE;316
DE;376
DE;369
DE;337
DE;8990
DE;227
DE;354
DE;239
DE;287
DE;358
DE;207
DE;347
DE;8577
DE;9999
DE;7382
DE;7383
DE;7386
DE;440
DE;351
DE;6759
DE;6760
DE;9256
DE;8008
DE;338
DE;7384
DE;7574
DE;7983
DE;7368
DE;7909
DE;7879
DE;10842
DE;7877
DE;7626
DE;7639
DE;7821
DE;6855
DE;8609
DE;8493
DE;8606
DE;7996
DE;9257
DE;8815
DE;8111
DE;8820
DE;458
DE;7939
DE;9266
DE;9048
DE;9032
DE;9031
DE;9062
DE;9124
DE;9156
DE;9456
DE;9267
DE;9455
DE;9421
DE;370
DE;9457
DE;9903
DE;9947
DE;7944
DE;10179
DE;10225
DE;10341
DE;9272
DE;10396
DE;11515
DE;11516
DE;11510
DE;11508
DE;10742
DE;10740
DE;10738
DE;11509
NL;8598
NL;5540
NL;5519
NL;5541
NL;5512
NL;5485
NL;5494
NL;5525
NL;5505
NL;5522
NL;5491
NL;182
NL;5527
NL;5474
NL;5472
NL;5539
NL;5515
NL;5543
NL;5480
NL;5493
NL;5481
NL;5523
NL;5537
NL;5467
NL;5545
NL;5492
NL;5465
NL;5499
NL;5535
NL;5520
NL;5479
NL;5546
NL;5526
NL;5997
NL;5487
NL;5489
NL;5995
NL;5482
NL;5528
NL;5996
NL;5536
NL;5994
NL;5517
NL;5483
NL;5966
NL;5514
NL;5503
NL;5502
NL;5500
NL;5531
NL;5529
NL;5524
NL;5504
NL;5501
NL;5507
NL;5506
NL;5509
NL;5508
NL;5495
NL;5510
NL;5511
NL;5513
NL;5468
NL;6870
NL;5564
NL;7660
NL;6869
NL;6871
NL;7234
NL;5496
NL;667
NL;544
NL;629
NL;659
NL;7621
NL;7620
NL;7592
NL;530
NL;7530
NL;9784
NL;5563
NL;8642
NL;8856
NL;8968
NL;9029
NL;9462
NL;10375
NL;9174
AU;536
AU;689
AU;561
AU;564
AU;569
AU;575
AU;577
AU;576
AU;582
AU;549
AU;562
AU;559
AU;563
AU;715
AU;734
AU;602
AU;542
AU;558
AU;560
AU;573
AU;554
AU;691
AU;633
AU;594
AU;615
AU;636
AU;670
AU;540
AU;10325
AU;666
AU;535
AU;635
AU;10364
AU;591
AU;731
AU;605
AU;728
AU;574
AU;634
AU;687
AU;10378
AU;538
AU;695
AU;555
AU;598
AU;545
AU;686
AU;685
AU;571
AU;572
AU;642
AU;690
AU;723
AU;626
AU;729
AU;588
AU;604
AU;655
AU;553
AU;632
AU;610
AU;627
AU;556
AU;612
AU;570
AU;565
AU;629
AU;630
AU;550
AU;624
AU;648
AU;705
AU;643
AU;5899
AU;568
AU;10674
AU;608
AU;586
AU;583
AU;589
AU;622
AU;541
AU;667
AU;585
AU;727
AU;725
AU;726
AU;657
AU;697
AU;593
AU;607
AU;617
AU;584
AU;625
AU;599
AU;644
AU;616
AU;637
AU;596
AU;659
AU;661
AU;543
AU;567
AU;8750
AU;631
AU;578
AU;8749
AU;641
AU;662
AU;619
AU;580
AU;579
AU;688
AU;721
AU;595
AU;623
AU;597
AU;8748
AU;581
AU;546
AU;6762
AU;656
AU;557
AU;528
AU;551
AU;544
AU;720
AU;521
AU;522
AU;649
AU;531
AU;525
AU;532
AU;518
AU;592
AU;669
AU;658
AU;566
AU;524
AU;527
AU;665
AU;618
AU;533
AU;628
AU;7569
AU;5525
AU;7881
AU;606
AU;7329
AU;7234
AU;7334
AU;7883
AU;530
AU;7887
AU;620
AU;10649
AU;7618
AU;7619
AU;7878
AU;8616
AU;8112
AU;8758
AU;696
AU;10377
AU;8759
AU;8760
AU;10326
AU;9421
AU;8761
AU;9127
AU;10365
AU;9309
AU;10719
AU;10716
AU;10775
AU;10774
AU;10718
AU;10707
AU;10773
AU;10706
AU;10703
AU;10704
AU;10720
AU;10705
AU;10712
AU;10708
AU;10709
AU;10711
AU;10713
AU;10771
AU;10722
AU;10710
AU;10723
AU;10772
AU;10724
AU;10725
AU;9979
AU;9563
AU;9562
AU;10394
AU;9454
AU;10435
AU;10434
AU;10726
AU;10393
AU;10728
AU;10727
AU;10729
AU;10440
AU;10721
AU;10663
AU;10714
AU;10291
AU;10513
AU;10626
AU;10675
AU;10806
AU;10805
AU;10939
AU;10998
AU;9422
AU;11003
AU;10926
AU;10643
AU;11030
AU;11029
AU;11108
AU;10635
AU;11239
AU;11354
AU;8649
FI;4021
FI;4033
FI;4019
FI;3966
FI;4022
FI;4035
FI;4027
FI;4034
FI;3967
FI;3980
FI;3982
FI;4039
FI;3998
FI;4001
FI;4020
FI;4007
FI;3963
FI;4018
FI;4032
FI;3985
FI;3979
FI;3999
FI;4010
FI;4031
FI;4008
FI;4038
FI;4017
FI;3984
FI;4003
FI;4006
FI;3977
FI;4014
FI;4012
FI;3976
FI;3988
FI;4024
FI;4002
FI;3986
FI;4016
FI;4023
FI;4037
FI;3997
FI;4013
FI;3989
FI;3987
FI;3995
FI;4000
FI;3978
FI;4029
FI;3983
FI;4028
FI;4005
FI;3974
FI;3996
FI;3990
FI;3975
FI;3993
FI;4025
FI;4036
FI;3992
FI;3972
FI;4030
FI;3994
FI;4011
FI;3981
FI;4009
FI;4015
FI;3964
FI;3965
FI;3971
FI;3973
FI;3970
FI;3969
FI;3968
FI;6823
FI;6822
FI;4040
FI;7411
FI;7290
FI;10605
MC;6916
MC;7512
MC;4231
MC;4097
MC;4168
BE;8679
BE;749
BE;744
BE;752
BE;754
BE;751
BE;750
BE;746
BE;745
BE;740
BE;747
BE;6958
BE;7665
BE;9709
BE;9041
BE;9154
BE;9700
BE;9854
BE;10583
AR;473
AR;513
AR;511
AR;472
AR;502
AR;512
AR;497
AR;498
AR;477
AR;514
AR;510
AR;509
AR;481
AR;515
AR;507
AR;506
AR;485
AR;476
AR;505
AR;475
AR;503
AR;500
AR;496
AR;483
AR;8896
AR;493
AR;491
AR;492
AR;9206
AR;508
AR;499
AR;478
AR;494
AR;486
AR;474
AR;470
AR;471
AR;488
AR;7049
AR;495
AR;504
AR;487
AR;489
AR;480
AR;479
AR;490
AR;6747
AR;6745
AR;517
AR;6951
IE;4427
IE;4439
IE;4442
IE;4443
IE;7514
IE;9711
IE;9215
IT;4522
IT;7507
IT;7506
IT;4508
IT;1333
IT;4518
IT;4490
IT;4528
IT;4515
IT;4527
IT;4525
IT;4509
IT;1800
IT;4511
IT;4513
IT;4529
IT;4501
IT;4514
IT;4523
IT;4516
IT;4533
IT;4493
IT;4507
IT;4524
IT;4532
IT;4489
IT;4519
IT;4530
IT;2385
IT;4520
IT;4521
IT;4512
IT;182
IT;4534
IT;6705
IT;4526
IT;9630
IT;7666
IT;7831
IT;7829
IT;7830
IT;4535
IT;8034
IT;10024
IT;7977
IT;7200
IT;8579
IT;4483
IT;7910
IT;4481
IT;8863
IT;8843
IT;8844
IT;8992
IT;11512
IT;11518
IT;11513
IT;11514
YU;431
YU;6916
YU;6701
YU;6702
YU;6704
YU;6703
YU;182
YU;6705
YU;6700
YU;7911
CA;875
CA;974
CA;787
CA;969
CA;799
CA;844
CA;851
CA;907
CA;789
CA;845
CA;871
CA;921
CA;1041
CA;7404
CA;796
CA;877
CA;6878
CA;1470
CA;8443
CA;8425
CA;8439
CA;8467
CA;8468
CA;8268
CA;8458
CA;8436
CA;8437
CA;8434
CA;8449
CA;8435
CA;947
CA;1025
CA;8464
CA;7376
CA;8420
CA;8455
CA;1012
CA;886
CA;882
CA;182
CA;2544
CA;8179
CA;8448
CA;7396
CA;7388
CA;7379
CA;8459
CA;8184
CA;1423
CA;1011
CA;858
CA;8457
CA;8438
CA;8376
CA;8428
CA;822
CA;919
CA;805
CA;10808
CA;885
CA;862
CA;1014
CA;955
CA;1039
CA;997
CA;865
CA;785
CA;807
CA;835
CA;903
CA;890
CA;786
CA;5954
CA;2216
CA;3612
CA;1434
CA;838
CA;1435
CA;1623
CA;8294
CA;8234
CA;1016
CA;8397
CA;8276
CA;1361
CA;7381
CA;818
CA;1376
CA;2672
CA;1412
CA;1964
CA;1786
CA;1498
CA;1969
CA;906
CA;1006
CA;888
CA;2929
CA;910
CA;6765
CA;6768
CA;8445
CA;940
CA;6766
CA;924
CA;7402
CA;7378
CA;1437
CA;1008
CA;3081
CA;2069
CA;2029
CA;8231
CA;8358
CA;8298
CA;2013
CA;1978
CA;8339
CA;8249
CA;1352
CA;1517
CA;8275
CA;8293
CA;2000
CA;4448
CA;896
CA;2252
CA;824
CA;1050
CA;1370
CA;8391
CA;1910
CA;1015
CA;2410
CA;2214
CA;1031
CA;2082
CA;895
CA;3082
CA;8454
CA;8440
CA;959
CA;8321
CA;3850
CA;1028
CA;1030
CA;934
CA;958
CA;8456
CA;8290
CA;795
CA;2948
CA;2141
CA;839
CA;905
CA;945
CA;2336
CA;956
CA;829
CA;972
CA;1381
CA;8204
CA;8318
CA;1391
CA;995
CA;992
CA;864
CA;798
CA;2050
CA;1022
CA;1013
CA;984
CA;899
CA;869
CA;1005
CA;802
CA;1771
CA;1010
CA;857
CA;790
CA;925
CA;2528
CA;1038
CA;1040
CA;1004
CA;937
CA;914
CA;834
CA;951
CA;8236
CA;8253
CA;8447
CA;902
CA;8313
CA;2745
CA;7676
CA;876
CA;813
CA;985
CA;1002
CA;833
CA;990
CA;3636
CA;1659
CA;887
CA;952
CA;884
CA;782
CA;860
CA;1034
CA;1463
CA;927
CA;7174
CA;918
CA;806
CA;1007
CA;7179
CA;1001
CA;922
CA;923
CA;792
CA;1032
CA;989
CA;963
CA;7169
CA;1053
CA;979
CA;976
CA;1037
CA;939
CA;846
CA;811
CA;1042
CA;936
CA;779
CA;908
CA;941
CA;1024
CA;825
CA;867
CA;874
CA;916
CA;823
CA;863
CA;1017
CA;931
CA;878
CA;1018
CA;1029
CA;948
CA;938
CA;999
CA;868
CA;842
CA;957
CA;793
CA;981
CA;928
CA;783
CA;832
CA;893
CA;950
CA;983
CA;980
CA;932
CA;881
CA;1035
CA;993
CA;836
CA;986
CA;967
CA;935
CA;889
CA;996
CA;810
CA;970
CA;879
CA;926
CA;977
CA;7328
CA;7177
CA;949
CA;7440
CA;1021
CA;954
CA;820
CA;911
CA;872
CA;797
CA;803
CA;812
CA;800
CA;1052
CA;6744
CA;7176
CA;1048
CA;943
CA;324
CA;843
CA;883
CA;900
CA;7170
CA;849
CA;2439
CA;991
CA;7168
CA;915
CA;913
CA;2529
CA;8087
CA;968
CA;10527
CA;8802
CA;7178
CA;804
CA;7180
CA;7171
CA;944
CA;7537
CA;7233
CA;831
CA;7173
CA;7403
CA;7175
CA;7375
CA;10679
CA;3204
CA;6770
CA;880
CA;6767
CA;6769
CA;6772
CA;7401
CA;1054
CA;1051
CA;7390
CA;815
CA;7538
CA;3072
CA;975
CA;7374
CA;6764
CA;6771
CA;7398
CA;7377
CA;7362
CA;8805
CA;6957
CA;7808
CA;7342
CA;7631
CA;7628
CA;7372
CA;7361
CA;7400
CA;7627
CA;7394
CA;7629
CA;7573
CA;7539
CA;7661
CA;7809
CA;3760
CA;8869
CA;7606
CA;8507
CA;8868
CA;7635
CA;848
CA;7634
CA;7633
CA;7714
CA;7664
CA;10715
CA;8640
CA;8617
CA;8612
CA;8635
CA;8618
CA;8489
CA;8114
CA;8803
CA;929
CA;1047
CA;9012
CA;10562
CA;8975
CA;8857
CA;10700
CA;9421
CA;8703
CA;8881
CA;8973
CA;9841
CA;9050
CA;9037
CA;8974
CA;10051
CA;9080
CA;9091
CA;10488
CA;10528
CA;10517
CA;6743
CA;11149
CA;10052
CA;10526
CA;10872
CA;10871
CA;10524
CA;10574
CA;11144
CA;10430
CA;10874
CA;10518
CA;10622
CA;10579
CA;9422
CA;11150
CA;10578
CA;10643
CA;11104
CA;10615
CA;10616
CA;11273
CA;11521
ES;1333
ES;7506
ES;7511
ES;1316
ES;1314
ES;1341
ES;7510
ES;1334
ES;1322
ES;1328
ES;1344
ES;1338
ES;1330
ES;1339
ES;1342
ES;1318
ES;1348
ES;1321
ES;1320
ES;1327
ES;1335
ES;1329
ES;1337
ES;1315
ES;1317
ES;1324
ES;7413
ES;7419
ES;7414
ES;7415
ES;7417
ES;1326
ES;7517
ES;8607
ES;9220
ES;11526
ES;9219
ES;11505
ES;10571
ES;11507
ES;11517
ES;10755
ES;11511
ES;1313
JP;10512
JP;4865
JP;8040
JP;5043
JP;5115
JP;4859
JP;4792
JP;4736
JP;6831
JP;5102
JP;4718
JP;4726
JP;8838
JP;4738
JP;4797
JP;4742
JP;4674
JP;4856
JP;4963
JP;4911
JP;4854
JP;4918
JP;4559
JP;5070
JP;4713
JP;1141
JP;4981
JP;4551
JP;4836
JP;10106
JP;4743
JP;4549
JP;5039
JP;4996
JP;4913
JP;4754
JP;4994
JP;4545
JP;4768
JP;4860
JP;4983
JP;4795
JP;4864
JP;7154
JP;4858
JP;4802
JP;4872
JP;4561
JP;5006
JP;4785
JP;4914
JP;4971
JP;4565
JP;4567
JP;5004
JP;4852
JP;4564
JP;4568
JP;5101
JP;4945
JP;5008
JP;4992
JP;4553
JP;4728
JP;4804
JP;5127
JP;5126
JP;4569
JP;5019
JP;5020
JP;4920
JP;5018
JP;5128
JP;5025
JP;5122
JP;5015
JP;4923
JP;4896
JP;4870
JP;4811
JP;4812
JP;4967
JP;5010
JP;5022
JP;4988
JP;4762
JP;5096
JP;5112
JP;5113
JP;4985
JP;4990
JP;4922
JP;4989
JP;4576
JP;4816
JP;10080
JP;4814
JP;4813
JP;4766
JP;4701
JP;4793
JP;4764
JP;7151
JP;4874
JP;4585
JP;7150
JP;4875
JP;4788
JP;4815
JP;7152
JP;5139
JP;7153
JP;4680
JP;4900
JP;5118
JP;4555
JP;4695
JP;4757
JP;5035
JP;4543
JP;5000
JP;4891
JP;4624
JP;4965
JP;4999
JP;4637
JP;5034
JP;5037
JP;4769
JP;4541
JP;4547
JP;5036
JP;4809
JP;4644
JP;4623
JP;4737
JP;5142
JP;4906
JP;5123
JP;4993
JP;4544
JP;4932
JP;4908
JP;4759
JP;5072
JP;10081
JP;4652
JP;9505
JP;9503
JP;4709
JP;9504
JP;8065
JP;4663
JP;4753
JP;4670
JP;4895
JP;4961
JP;4676
JP;5071
JP;4671
JP;4694
JP;4730
JP;4563
JP;5120
JP;4810
JP;10168
JP;5044
JP;10085
JP;4789
JP;4979
JP;4849
JP;4850
JP;4556
JP;4977
JP;4998
JP;4970
JP;4907
JP;8891
JP;4807
JP;4866
JP;4765
JP;5009
JP;4805
JP;4803
JP;4903
JP;5005
JP;10084
JP;10087
JP;4675
JP;4612
JP;4944
JP;7819
JP;4613
JP;5041
JP;4746
JP;4712
JP;5106
JP;9506
JP;4642
JP;4628
JP;4620
JP;4540
JP;4763
JP;4957
JP;4952
JP;4892
JP;5014
JP;4732
JP;5002
JP;9240
JP;4791
JP;4972
JP;4959
JP;4886
JP;4773
JP;4767
JP;4962
JP;4974
JP;4949
JP;4741
JP;4731
JP;8886
JP;4960
JP;5110
JP;4719
JP;4557
JP;5057
JP;5033
JP;5032
JP;4735
JP;5040
JP;4893
JP;5055
JP;4889
JP;4722
JP;4755
JP;4799
JP;5140
JP;5163
JP;4698
JP;4723
JP;4904
JP;5026
JP;4794
JP;4890
JP;4969
JP;4606
JP;4953
JP;5167
JP;4690
JP;4950
JP;4566
JP;4790
JP;4855
JP;5007
JP;4727
JP;4916
JP;4806
JP;4641
JP;4714
JP;4558
JP;4927
JP;4771
JP;4655
JP;4783
JP;5151
JP;5042
JP;5024
JP;5048
JP;4539
JP;4978
JP;4552
JP;4954
JP;4808
JP;5082
JP;8085
JP;8055
JP;5073
JP;4760
JP;4958
JP;5092
JP;5047
JP;4784
JP;5074
JP;7813
JP;4584
JP;5125
JP;5049
JP;8888
JP;4691
JP;5045
JP;5132
JP;4629
JP;4901
JP;5087
JP;4876
JP;4570
JP;4880
JP;4776
JP;7815
JP;4571
JP;4733
JP;7156
JP;5076
JP;5051
JP;9242
JP;5083
JP;4748
JP;5098
JP;4729
JP;5093
JP;4819
JP;7814
JP;4710
JP;4734
JP;5090
JP;5058
JP;4881
JP;5094
JP;5080
JP;5099
JP;4946
JP;4750
JP;4921
JP;4659
JP;5068
JP;4947
JP;4711
JP;5137
JP;4948
JP;4898
JP;4657
JP;5078
JP;5135
JP;4586
JP;4661
JP;7810
JP;4980
JP;4995
JP;8071
JP;4956
JP;5145
JP;4976
JP;4630
JP;4912
JP;5152
JP;4627
JP;4681
JP;4951
JP;4643
JP;7818
JP;4692
JP;4616
JP;4887
JP;4934
JP;4631
JP;4697
JP;4968
JP;4677
JP;4725
JP;4666
JP;4653
JP;4897
JP;4577
JP;4654
JP;4645
JP;4650
JP;4899
JP;4777
JP;4669
JP;4673
JP;5088
JP;4857
JP;4682
JP;10271
JP;5085
JP;4683
JP;4721
JP;4684
JP;8052
JP;4758
JP;4626
JP;4685
JP;5097
JP;4687
JP;10293
JP;5131
JP;4926
JP;5052
JP;4656
JP;5053
JP;4633
JP;4975
JP;4592
JP;4705
JP;4770
JP;4678
JP;4917
JP;5150
JP;5050
JP;5089
JP;5046
JP;5069
JP;4548
JP;5166
JP;5159
JP;5091
JP;4679
JP;8074
JP;4664
JP;4717
JP;5077
JP;8056
JP;5149
JP;4660
JP;8840
JP;5100
JP;5146
JP;5147
JP;4933
JP;5063
JP;5075
JP;4915
JP;8069
JP;4688
JP;4607
JP;5175
JP;5148
JP;5144
JP;5158
JP;5154
JP;8084
JP;5176
JP;5156
JP;5153
JP;4597
JP;5160
JP;8060
JP;5143
JP;8073
JP;7811
JP;4696
JP;5117
JP;5056
JP;4739
JP;4781
JP;4598
JP;4752
JP;4751
JP;4879
JP;4702
JP;5169
JP;5168
JP;5129
JP;4579
JP;4716
JP;10059
JP;4667
JP;5170
JP;5086
JP;4928
JP;4581
JP;4582
JP;5081
JP;5066
JP;8066
JP;8075
JP;10088
JP;4588
JP;5136
JP;5165
JP;8059
JP;10086
JP;4740
JP;4578
JP;5179
JP;4973
JP;7812
JP;5155
JP;8058
JP;10089
JP;4862
JP;8080
JP;4572
JP;4686
JP;4580
JP;7816
JP;4587
JP;4608
JP;5111
JP;4602
JP;4668
JP;4756
JP;4594
JP;4595
JP;4590
JP;4596
JP;5084
JP;4658
JP;4801
JP;4672
JP;4798
JP;4868
JP;4991
JP;4593
JP;4621
JP;1292
JP;5059
JP;10105
JP;4646
JP;4877
JP;10062
JP;10098
JP;9499
JP;4706
JP;4708
JP;4704
JP;4703
JP;4867
JP;4707
JP;4589
JP;8045
JP;4632
JP;5065
JP;8047
JP;5178
JP;8079
JP;5157
JP;9500
JP;5060
JP;4635
JP;8057
JP;4634
JP;4636
JP;4882
JP;5012
JP;10273
JP;4638
JP;5134
JP;5138
JP;4778
JP;4651
JP;4560
JP;5121
JP;4601
JP;5162
JP;4779
JP;8081
JP;4871
JP;4689
JP;8078
JP;8050
JP;5161
JP;8118
JP;7817
JP;4761
JP;4662
JP;10331
JP;4782
JP;10057
JP;5029
JP;10060
JP;2540
JP;5233
JP;4699
JP;4700
JP;4869
JP;7336
JP;7737
JP;5062
JP;4715
JP;6833
JP;4724
JP;7734
JP;4538
JP;5180
JP;5079
JP;6832
JP;4964
JP;7246
JP;10066
JP;7735
JP;6828
JP;7736
JP;6830
JP;8705
JP;10073
JP;10076
JP;10079
JP;10097
JP;10100
JP;10063
JP;10061
JP;7346
JP;10244
JP;10090
JP;10067
JP;10078
JP;10069
JP;10075
JP;10099
JP;9306
JP;10094
JP;5391
JP;7249
JP;7248
JP;10092
JP;7247
JP;4575
JP;7348
JP;7349
JP;8889
JP;7345
JP;7356
JP;10064
JP;5895
JP;10096
JP;5114
JP;7366
JP;7365
JP;7370
JP;9498
JP;7584
JP;7586
JP;7585
JP;10112
JP;10065
JP;10068
JP;8745
JP;10110
JP;8102
JP;10791
JP;10124
JP;10077
JP;10074
JP;8711
JP;10072
JP;10095
JP;10091
JP;5107
JP;4987
JP;8689
JP;8708
JP;8707
JP;8887
JP;183
JP;10071
JP;10093
JP;9501
JP;8742
JP;8741
JP;8706
JP;8709
JP;8722
JP;8688
JP;9077
JP;8835
JP;10083
JP;9049
JP;9917
JP;9939
JP;10144
JP;10145
JP;10143
JP;9977
JP;9976
JP;9978
JP;10146
JP;10029
JP;10142
JP;10178
JP;10272
JP;10391
JP;10553
JP;9701
JP;10906
JP;10884
JP;10916
JP;10910
JP;11023
JP;11009
JP;9216
JP;11148
JP;11362
JP;11461
JP;11460
JP;11523
ZA;6671
ZA;6672
ZA;6655
ZA;6670
ZA;6656
ZA;6679
ZA;6669
ZA;6654
ZA;6677
ZA;6674
ZA;6666
ZA;6665
ZA;6667
ZA;8686
ZA;6664
ZA;8687
ZA;6662
ZA;6663
ZA;6668
ZA;6661
ZA;6658
ZA;6659
ZA;6676
ZA;6680
ZA;6678
ZA;8684
ZA;3693
ZA;7354
ZA;7581
ZA;7902
ZA;10368
ZA;8685
ZA;11112
ZA;9421
ZA;10437
SU;6456
SU;9371
SU;10321
SU;6540
SU;6497
SU;9335
SU;7076
SU;10351
SU;6449
SU;6751
SU;7070
SU;6407
SU;7053
SU;6505
SU;10319
SU;6416
SU;6418
SU;6511
SU;7648
SU;7780
SU;7030
SU;10332
SU;6542
SU;10317
SU;7071
SU;9758
SU;10311
SU;7074
SU;7064
SU;7072
SU;7649
SU;10315
SU;7069
SU;9810
SU;6744
SU;9353
SU;7276
SU;10264
SU;6954
SU;6537
SU;6565
SU;6299
SU;10322
SU;10320
SU;6389
SU;6518
SU;7275
SU;10103
SU;6431
SU;7036
SU;6517
SU;6473
SU;7280
SU;7035
SU;10347
SU;6441
SU;9297
SU;10056
SU;7288
SU;7274
SU;10511
SU;6443
SU;9226
SU;6325
SU;6414
SU;10104
SU;8596
SU;10101
SU;10450
SU;6996
SU;10509
SU;7120
SU;7291
SU;7272
SU;10205
SU;6388
SU;10510
SU;6545
SU;10312
SU;6550
SU;10379
SU;6300
SU;7533
SU;6560
SU;6412
SU;9763
SU;6513
SU;9668
SU;10380
SU;6427
SU;7273
SU;10324
SU;6306
SU;10314
SU;6973
SU;6428
SU;10334
SU;10333
SU;9343
SU;7163
SU;7743
SU;10350
SU;9289
SU;6570
SU;8678
SU;10346
SU;7785
SU;8969
SU;7135
SU;10323
SU;7279
SU;9243
SU;6555
SU;10492
SU;10349
SU;9344
SU;9331
SU;9339
SU;9351
SU;10338
SU;10313
SU;10316
SU;6469
SU;6425
SU;10383
SU;6750
SU;10381
SU;10388
SU;7555
SU;10384
SU;10385
SU;9352
SU;9205
SU;6307
SU;9228
SU;9384
SU;7297
SU;10382
SU;9230
SU;8970
SU;6979
SU;6507
SU;9227
SU;6330
SU;6381
SU;9229
SU;9293
SU;7065
SU;7285
SU;10309
SU;7783
SU;9231
SU;7778
SU;9291
SU;10318
SU;6985
SU;6986
SU;10208
SU;9385
SU;9225
SU;7625
SU;6978
SU;6630
SU;8971
SU;6990
SU;7313
SU;6453
SU;9296
SU;7045
SU;7754
SU;7781
SU;7779
SU;7461
SU;7782
SU;6423
SU;9303
SU;7317
SU;9290
SU;8584
SU;9337
SU;6315
SU;7304
SU;330
SU;6426
SU;10336
SU;6594
SU;7027
SU;9287
SU;9288
SU;7784
SU;10188
SU;9338
SU;6963
SU;7761
SU;10186
SU;9286
SU;9367
SU;7295
SU;9361
SU;7557
SU;9336
SU;6584
SU;10189
SU;9981
SU;6964
SU;10207
SU;6899
SU;6552
SU;7745
SU;9350
SU;9292
SU;6541
SU;9373
SU;9283
SU;6490
SU;9334
SU;9370
SU;7026
SU;6975
SU;7294
SU;10193
SU;7742
SU;9374
SU;10187
SU;6604
SU;9300
SU;7552
SU;9199
SU;10282
SU;6463
SU;7084
SU;9366
SU;7283
SU;9322
SU;9360
SU;8566
SU;10194
SU;7554
SU;6546
SU;9982
SU;6971
SU;9983
SU;10283
SU;10558
SU;8536
SU;10459
SU;10080
SU;10192
SU;10197
SU;6336
SU;9984
SU;6395
SU;10200
SU;9232
SU;6298
SU;6544
SU;9364
SU;6458
SU;7228
SU;6498
SU;10183
SU;6569
SU;7046
SU;6478
SU;7007
SU;9389
SU;6460
SU;9294
SU;9299
SU;7037
SU;9386
SU;6653
SU;8586
SU;6510
SU;10448
SU;6429
SU;6514
SU;10212
SU;6554
SU;6437
SU;7314
SU;6553
SU;10262
SU;7747
SU;10253
SU;6556
SU;9365
SU;6408
SU;8133
SU;6436
SU;6593
SU;6501
SU;6396
SU;10491
SU;9342
SU;6587
SU;7013
SU;6455
SU;6484
SU;6487
SU;10199
SU;7553
SU;7748
SU;6548
SU;6474
SU;6454
SU;6461
SU;6327
SU;9166
SU;9356
SU;6312
SU;6482
SU;6608
SU;7316
SU;10285
SU;6297
SU;10182
SU;10335
SU;9383
SU;6581
SU;10284
SU;8002
SU;6970
SU;6562
SU;6561
SU;6717
SU;10204
SU;6559
SU;6302
SU;9369
SU;7741
SU;10337
SU;6504
SU;6310
SU;7872
SU;9368
SU;7192
SU;7139
SU;7011
SU;6935
SU;9824
SU;6488
SU;7081
SU;6624
SU;9765
SU;6974
SU;7225
SU;6313
SU;9420
SU;10191
SU;9298
SU;9302
SU;7107
SU;6446
SU;10251
SU;7551
SU;6464
SU;7001
SU;9839
SU;8537
SU;6481
SU;6479
SU;9835
SU;8585
SU;6433
SU;8693
SU;6486
SU;7315
SU;6439
SU;9382
SU;7614
SU;6563
SU;10185
SU;6592
SU;7025
SU;6476
SU;8535
SU;6577
SU;6598
SU;6477
SU;7226
SU;9393
SU;6564
SU;6480
SU;10348
SU;7835
SU;9362
SU;6549
SU;7004
SU;7028
SU;8039
SU;6492
SU;7080
SU;7119
SU;6485
SU;7002
SU;6551
SU;9380
SU;6620
SU;8134
SU;6390
SU;7012
SU;9168
SU;6983
SU;6994
SU;6483
SU;1291
SU;8850
SU;6459
SU;6589
SU;6398
SU;8568
SU;6409
SU;7838
SU;6319
SU;7744
SU;10195
SU;7031
SU;6607
SU;7123
SU;8130
SU;6445
SU;7029
SU;7556
SU;9330
SU;6417
SU;7834
SU;8032
SU;6440
SU;7502
SU;6715
SU;6400
SU;6356
SU;7137
SU;9164
SU;7762
SU;9284
SU;9282
SU;6351
SU;7141
SU;6472
SU;6465
SU;8538
SU;9233
SU;8570
SU;8030
SU;6406
SU;6557
SU;6438
SU;6309
SU;6470
SU;6523
SU;7222
SU;7839
SU;6294
SU;6580
SU;6320
SU;7006
SU;8038
SU;6596
SU;6397
SU;6939
SU;6536
SU;8031
SU;7680
SU;9301
SU;8569
SU;7797
SU;7798
SU;7833
SU;6293
SU;6324
SU;6972
SU;10419
SU;6638
SU;7450
SU;9387
SU;6496
SU;6339
SU;6728
SU;7121
SU;7677
SU;7318
SU;6568
SU;6753
SU;6475
SU;7568
SU;6602
SU;8131
SU;6721
SU;6301
SU;6321
SU;6451
SU;6600
SU;7125
SU;9304
SU;9377
SU;8129
SU;6290
SU;6430
SU;6582
SU;9985
SU;6372
SU;6512
SU;9295
SU;6515
SU;7871
SU;8565
SU;6337
SU;6457
SU;6316
SU;7100
SU;6752
SU;6308
SU;7126
SU;6345
SU;8739
SU;6289
SU;6950
SU;6471
SU;6574
SU;6386
SU;2289
SU;7128
SU;10246
SU;6719
SU;9986
SU;6317
SU;7099
SU;6948
SU;6506
SU;10206
SU;10190
SU;7687
SU;6350
SU;6494
SU;6435
SU;7133
SU;6723
SU;9223
SU;6583
SU;6379
SU;248
SU;7613
SU;6399
SU;9167
SU;7690
SU;7090
SU;7681
SU;10196
SU;6578
SU;6344
SU;6314
SU;7061
SU;6734
SU;7143
SU;6649
SU;7078
SU;6575
SU;6502
SU;10423
SU;6503
SU;6348
SU;6422
SU;6295
SU;10184
SU;7132
SU;6296
SU;6500
SU;6952
SU;8539
SU;6520
SU;7701
SU;8132
SU;7103
SU;7799
SU;7105
SU;9379
SU;7157
SU;6727
SU;7113
SU;6930
SU;8735
SU;8563
SU;6359
SU;7695
SU;7092
SU;6328
SU;6311
SU;6466
SU;6462
SU;7106
SU;6376
SU;6411
SU;7678
SU;7102
SU;7836
SU;9165
SU;1441
SU;8026
SU;6303
SU;7186
SU;9667
SU;6579
SU;6343
SU;6938
SU;7696
SU;6622
SU;6599
SU;6749
SU;6944
SU;9820
SU;9821
SU;7444
SU;10688
SU;7085
SU;6370
SU;7140
SU;6597
SU;8027
SU;6640
SU;7189
SU;7161
SU;6567
SU;7694
SU;7861
SU;9388
SU;7837
SU;7136
SU;6651
SU;10422
SU;6588
SU;6318
SU;6931
SU;6941
SU;6547
SU;6508
SU;2809
SU;7832
SU;7109
SU;10425
SU;7110
SU;7684
SU;6614
SU;6387
SU;6946
SU;6450
SU;6401
SU;4576
SU;5002
SU;7083
SU;6521
SU;6566
SU;6643
SU;7124
SU;6936
SU;7181
SU;6730
SU;7129
SU;7145
SU;6731
SU;6940
SU;7089
SU;6365
SU;7183
SU;6737
SU;6937
SU;6735
SU;6524
SU;6434
SU;7167
SU;4198
SU;7756
SU;6644
SU;6645
SU;6942
SU;10426
SU;10424
SU;902
SU;7789
SU;7558
SU;9390
SU;6448
SU;7040
SU;6646
SU;6342
SU;6603
SU;7191
SU;6642
SU;6647
SU;6720
SU;6334
SU;6394
SU;7160
SU;8028
SU;6605
SU;6358
SU;7686
SU;7115
SU;6383
SU;7127
SU;7054
SU;6447
SU;6340
SU;7840
SU;6525
SU;7746
SU;7692
SU;9819
SU;6332
SU;7787
SU;7679
SU;6373
SU;7068
SU;7750
SU;7749
SU;7215
SU;6641
SU;7117
SU;7104
SU;7825
SU;7459
SU;6623
SU;7162
SU;10201
SU;6335
SU;6413
SU;7700
SU;6338
SU;6360
SU;6352
SU;6333
SU;7130
SU;7146
SU;6362
SU;7698
SU;6652
SU;6354
SU;6468
SU;7476
SU;6529
SU;6403
SU;6712
SU;7164
SU;6573
SU;7166
SU;7452
SU;8559
SU;7670
SU;7469
SU;6368
SU;6528
SU;7486
SU;6595
SU;7472
SU;7697
SU;7208
SU;7210
SU;6357
SU;7501
SU;7499
SU;6115
SU;6585
SU;7475
SU;6353
SU;7845
SU;7688
SU;7466
SU;7470
SU;6724
SU;7116
SU;7216
SU;7689
SU;6516
SU;6571
SU;7188
SU;6364
SU;7848
SU;7223
SU;6718
SU;6736
SU;7199
SU;7491
SU;7088
SU;6631
SU;182
SU;6346
SU;7477
SU;7159
SU;8558
SU;7494
SU;7467
SU;7495
SU;7114
SU;6726
SU;7214
SU;7460
SU;7193
SU;6369
SU;7221
SU;7197
SU;7827
SU;7849
SU;6949
SU;6432
SU;7463
SU;6323
SU;7790
SU;7498
SU;7854
SU;7471
SU;7480
SU;6522
SU;7492
SU;7218
SU;7682
SU;7454
SU;6326
SU;7196
SU;10260
SU;6375
SU;7563
SU;7481
SU;7091
SU;7217
SU;7484
SU;7479
SU;10198
SU;7855
SU;7564
SU;7458
SU;6572
SU;7456
SU;7497
SU;6322
SU;7478
SU;7847
SU;7096
SU;6714
SU;6635
SU;6897
SU;7182
SU;6634
SU;6733
SU;7447
SU;7600
SU;10261
SU;7468
SU;7562
SU;7462
SU;6951
SU;6633
SU;6722
SU;6932
SU;7496
SU;7500
SU;7138
SU;9811
SU;7487
SU;7445
SU;7473
SU;6591
SU;6519
SU;7879
SU;6956
SU;8837
SU;7846
SU;7691
SU;6349
SU;10203
SU;7826
SU;7052
SU;6404
SU;6305
SU;7198
SU;7693
SU;6650
SU;7699
SU;6415
SU;6615
SU;6420
SU;9376
SU;7851
SU;7852
SU;9513
SU;7493
SU;7532
SU;9375
SU;7488
SU;8088
SU;7448
SU;6632
SU;7490
SU;7464
SU;8564
SU;7449
SU;7483
SU;7474
SU;7865
SU;7863
SU;7522
SU;7184
SU;6636
SU;7118
SU;7112
SU;9520
SU;6380
SU;7531
SU;7792
SU;8128
PT;5620
PT;5616
PT;5629
PT;5618
PT;5617
PT;5624
PT;5627
PT;5621
PT;5622
PT;5610
PT;5623
PT;5626
PT;5625
PT;5619
PT;5611
PT;182
PT;5613
PT;5614
PT;5630
PT;7229
PT;7516
PT;7515
EG;1293
EG;1292
EG;1291
EG;6286
EG;1294
LT;8672
LT;8667
LT;8671
LT;8669
LT;8670
LT;8668
LT;6914
LT;10022
LT;10217
LT;9410
LT;10547
IS;4466
IS;4448
IS;4463
IS;4461
IS;4454
IS;4462
IS;4450
IS;4467
IS;4456
IS;4455
IS;4459
IS;4457
IS;4465
IS;4468
IS;4458
IS;4452
IS;4460
IS;4444
IS;943
IS;4453
IS;4464
IS;4469
IS;10671
IS;4449
PL;5608
PL;6872
PL;6874
PL;5592
PL;5605
PL;5603
PL;5601
PL;5593
PL;5591
PL;5597
PL;5595
PL;5604
PL;5598
PL;5606
PL;5600
PL;5602
PL;5587
PL;5588
PL;5599
PL;5594
PL;6756
PL;6757
PL;9780
PL;9781
PL;7443
PL;11155
PL;10621
PL;11156
PL;11154
PL;11152
PL;11240
PL;11241
PL;11247
PL;11244
PL;11248
PL;11246
PL;11245
PL;11281
LV;6912
LV;6910
LV;6911
LV;6909
LV;9259
LV;10582
EE;6904
EE;6906
EE;6905
EE;7227
EE;9553
EE;9603
EE;7213
EE;9738
EE;9770
EE;9744
EE;9779
EE;7278
EE;9833
EE;10847
EE;11193
EE;11268
GR;4382
GR;4363
GR;9786
GR;4362
GR;4364
GR;9838
GR;9743
GR;9778
GR;9789
GR;9755
GR;9756
GR;9782
GR;9183
GR;9754
GR;9796
GR;9742
GR;9793
GR;9628
GR;9180
GR;8105
GR;8814
IL;4475
IL;4473
IL;4474
IL;4472
IL;4507
IL;4476
IL;4471
IL;4470
CL;1066
CL;1078
CL;1073
CL;1077
CL;1083
CL;1069
CL;1072
CL;1067
CL;1064
CL;1074
CL;1068
CL;1075
CL;1070
CL;1081
CL;1080
CL;1071
CL;1076
CL;7059
CL;1061
CL;7856
CL;1055
CL;1065
CL;1056
CL;8014
CL;7230
CL;7860
CL;7858
CL;7859
CL;7857
ID;4423
ID;4422
ID;4419
ID;4421
ID;4418
ID;4416
ID;4417
ID;7791
ID;9559
PE;5568
PE;5569
PE;8645
PE;5571
PE;5570
PE;6737
PE;1520
PE;8753
PE;8754
PE;8755
PE;8756
PE;802
PE;8798
PE;8799
PE;8800
PE;8796
PE;8797
PE;8791
PE;8793
PE;8801
PE;8795
PE;8792
PE;8790
PE;8794
PE;5605
PE;8809
PE;8807
PE;8808
PE;8806
PE;8804
PE;5566
PE;8875
PE;8876
PE;8873
PE;8872
PE;8874
PE;8877
PE;8871
PE;5567
PE;5565
PE;9112
PE;9113
PE;9111
PE;9114
PE;6470
PE;9139
PE;9151
PE;9152
PE;9129
PE;9130
PE;9142
PE;9145
PE;9144
PE;9138
PE;9136
PE;9133
PE;9131
PE;9132
PE;9140
PE;9134
PE;9147
PE;9148
PE;9143
PE;9135
PE;9137
PE;9149
PE;9141
PE;9150
PE;9146
PE;9178
PE;9210
PE;9211
PE;9213
PE;9212
PE;9417
PE;9482
PE;9474
PE;9485
PE;9476
PE;9472
PE;9477
PE;9478
PE;9470
PE;9479
PE;9471
PE;9483
PE;9469
PE;9486
PE;9475
PE;9480
PE;9473
PE;9481
PE;9468
PE;9484
IN;4407
IN;4401
IN;4403
IN;4392
IN;4405
IN;4402
IN;4399
IN;4412
IN;4400
IN;4394
IN;4408
IN;4396
IN;4413
IN;4395
IN;4388
IN;4409
IN;6710
IN;9495
IN;9492
IN;6959
IN;6960
IN;6961
IN;8623
IN;7916
IN;4411
IN;9434
IN;9496
IN;3541
IN;9265
IN;8157
IN;9015
IN;9017
IN;9018
IN;9016
IN;8103
IN;9497
IN;9491
IN;8524
IN;9493
IN;9494
IN;9108
IN;7521
IN;10118
BR;768
BR;771
BR;762
BR;476
BR;763
BR;764
BR;765
BR;766
BR;503
BR;770
BR;757
BR;500
BR;767
BR;772
BR;8651
BR;9316
BR;8021
BR;2540
BR;8126
BR;9326
BR;9030
BR;8849
BR;8847
BR;9310
BR;9421
BR;9855
BR;9993
BR;10140
BR;10250
BR;10345
BR;10555
BR;10627
BR;9914
BR;10989
BR;11100
BR;10585
BR;10779
BR;11480
CD;134
CD;136
CD;135
CD;131
CD;132
CD;130
CD;133
UA;6975
UA;7745
UA;7744
UA;6429
UA;6386
UA;6455
UA;6580
UA;9360
UA;6453
UA;6344
UA;6313
UA;6354
UA;6472
UA;6950
UA;6375
UA;6597
UA;9376
UA;7749
UA;7293
UA;6952
UA;6973
UA;6932
UA;6461
UA;6517
UA;6949
UA;6599
UA;6731
UA;6735
UA;9370
UA;6578
UA;6299
UA;6575
UA;6632
UA;9512
UA;6422
UA;9514
UA;9509
UA;8624
UA;9515
NZ;5446
NZ;5432
NZ;5439
NZ;5427
NZ;5434
NZ;5449
NZ;5447
NZ;5438
NZ;5431
NZ;5444
NZ;5436
NZ;5450
NZ;5426
NZ;5429
NZ;10560
NZ;5428
NZ;5445
NZ;5423
NZ;5421
NZ;5451
NZ;5420
NZ;5440
NZ;8677
NZ;8758
NZ;10276
NZ;10275
NZ;10277
NZ;10278
NZ;10532
NZ;10914
CI;61
CI;64
CI;63
CI;65
CI;60
CI;62
NC;5418
NC;4234
NC;5419
NC;5417
NC;5416
NC;4189
NC;4065
TH;6278
TH;6276
TH;6277
TH;6476
TH;6274
TH;7058
TH;6273
TH;6275
TH;9562
TH;9563
TR;9524
TR;6285
TR;6286
TR;8885
TR;8034
TR;4535
TR;8842
DU;463
DU;466
DU;467
DU;465
DU;461
DU;460
DU;6653
DU;7337
DU;462
CO;1092
CO;1095
CO;1094
CO;1101
CO;1096
CO;1100
CO;1093
MG;5263
MG;5261
MG;5262
VE;6687
VE;6688
VE;6686
VE;6691
VE;6690
VE;9044
RO;9565
RO;9518
RO;9519
RO;9511
RO;7749
EC;1304
EC;1305
EC;1301
EC;1299
EC;1302
EC;1300
EC;1303
EC;1520
EC;1296
EC;1297
EC;1298
TW;1088
TW;9394
TW;1086
TW;6118
TW;6136
TW;6150
TW;7667
TW;6148
TW;6126
TW;6147
TW;6146
TW;2540
TW;8615
TW;8854
NG;82
NG;80
NG;84
NG;83
MX;5273
MX;5270
MX;5290
MX;5291
MX;5286
MX;5289
MX;5287
MX;5283
MX;5288
MX;5277
MX;5278
MX;5284
MX;6838
MX;7240
MX;5292
GH;53
GH;55
GH;51
GH;54
GH;52
PK;5456
PK;5454
CU;41
CU;35
CU;37
CU;30
CU;42
CU;39
CU;44
CU;6428
CU;43
CU;9392
CU;45
CU;31
CU;34
CU;32
CU;47
CU;40
CN;6168
CN;6165
CN;6140
CN;6139
CN;6136
CN;6156
CN;6141
CN;6154
CN;6155
CN;6151
CN;6138
CN;6144
CN;6143
CN;6142
CN;6159
CN;6167
CN;6114
CN;6153
CN;6118
CN;6160
CN;6161
CN;6162
CN;6115
CN;6135
CN;6133
CN;6120
CN;6152
CN;6145
CN;6149
CN;7807
CN;7242
CN;7241
CN;8519
CN;8555
CN;9421
SN;141
SN;140
SN;142
SN;5042
SN;143
PA;111
PA;122
PA;112
PA;119
PA;120
PA;90
PA;87
PA;88
PA;110
PA;89
PA;108
PA;124
PA;114
PA;93
PA;123
PA;7897
PA;1261
PA;4580
PA;117
PA;118
PA;109
PA;343
PA;6919
PA;127
PA;6920
PA;121
PA;115
PA;6922
PA;7330
PA;6918
PA;6921
PA;129
PA;7883
PA;7914
PA;7341
PA;7917
PA;126
PA;7576
PA;7604
PA;7915
PA;7769
PA;8601
PA;8631
PA;8625
PA;8550
PA;8610
PA;8636
PA;8604
PA;8613
PA;8828
PA;8902
PA;8978
PA;9035
PA;8989
PA;9090
PA;9453
PH;5583
PH;5582
PH;5580
PH;7238
PH;7350
PH;7406
PH;7360
PH;7363
PH;7369
SG;7056
SG;151
SG;156
SG;152
SG;149
SG;157
SG;155
SG;153
SG;7574
SG;7733
SG;7668
SG;8116
SG;8629
SG;8845
SG;8534
SG;8549
SG;8811
SG;8834
SL;160
MR;6917
MY;77
MY;8628
LB;7765
LB;7766
LB;440
LB;7200
LB;4535
TN;6282
AO;7201
MA;7711
MA;7637
ZZ;6743
ZZ;10452
ZZ;183
ZZ;10453
ZZ;6744
ZZ;181
ZZ;10005
LR;5248
LR;5245
LR;5247
LR;5243
LR;5188
LR;5238
LR;5244
LR;5191
LR;5189
LR;5196
LR;5227
LR;5226
LR;5199
LR;5228
LR;5246
LR;5230
LR;5233
LR;5239
LR;5231
LR;5251
LR;5236
LR;5249
LR;2992
LR;5250
LR;5232
LR;5237
LR;5235
LR;5216
LR;9013
LR;7236
LR;5260
LR;6835
LR;6837
LR;7245
LR;7244
LR;7590
LR;5229
LR;7578
LR;7577
LR;7593
LR;7890
LR;7889
LR;7892
LR;7769
LR;7768
LR;7903
LR;7893
LR;7891
LR;9024
LR;8106
LR;9014
LR;9009
LR;8526
LR;8158
LR;8603
LR;8522
LR;8523
LR;8614
LR;8653
LR;8660
LR;8663
LR;8662
LR;8825
LR;9043
LR;8855
LR;8823
LR;9027
LR;9454
LR;9452
LR;9235
LR;9460
LR;9459
LR;9329
LR;9312
LR;9918
LR;9919
LR;9920
LR;9921
MT;74
MT;6915
MT;8632
MT;8611
CR;21
DZ;7608
BS;9
BS;10
BS;6928
BS;7583
BS;12
BS;6825
BS;6901
BS;7355
BS;7351
BS;7358
BS;7527
BS;7902
BS;7594
BS;7595
BS;7669
BS;8105
BS;8494
BS;8819
BS;8817
BS;8818
BS;9123
UY;6685
UY;7232
MU;73
CY;49
CY;6903
CY;7331
CY;6902
CY;7353
CY;7591
CY;7550
CY;8812
CY;9010
CY;8987
CY;8495
CY;8634
CY;8641
CY;8816
CY;8977
CY;9307
CY;9699
CY;9700
FJ;50
TO;168
TO;6928
TO;8630
VC;165
VC;164
VC;163
VC;6927
VC;6926
VC;7343
VC;7344
VC;7588
VC;7580
AG;6900
AG;1
AG;7352
AG;7732
AG;7901
AG;7570
AG;7888
AG;7536
AG;7623
AG;7894
AG;8107
AG;10885
AG;8035
AG;8813
AG;9234
HN;7912
TT;7347
NA;6841
BB;7235
BB;8
BB;8117
HK;6907
HK;7239
HK;7599
HK;7582
HK;4359
HK;7895
HK;8988
HK;8633
HK;9153
KW;7333
KW;6908
KW;7237
KW;7357
KW;1195
KW;8108
SC;7919
SC;7918
SA;7359
MH;7596
MH;7597
MH;9011
MH;8815
MH;9314
MH;9903
WS;8638
HR;8666
HR;9066
